Entity,Code,Year,Individuals using the Internet (% of population) (% of population)
Afghanistan,AFG,2015,8.26
Albania,ALB,2015,63.2529327
Algeria,DZA,2015,38.2
Andorra,AND,2015,96.91
Angola,AGO,2015,12.4
Antigua and Barbuda,ATG,2015,65.2
Arab World,,2015,39.94831756
Argentina,ARG,2015,69.40092102
Armenia,ARM,2015,58.24933222
Aruba,ABW,2015,88.66122693
Australia,AUS,2015,84.56051935
Austria,AUT,2015,83.9263
Azerbaijan,AZE,2015,77
Bahamas,BHS,2015,78
Bahrain,BHR,2015,93.47830114
Bangladesh,BGD,2015,14.4
Barbados,BRB,2015,76.11
Belarus,BLR,2015,62.23036091
Belgium,BEL,2015,85.0529
Belize,BLZ,2015,41.59
Benin,BEN,2015,6.787702956
Bermuda,BMU,2015,98.32360965
Bhutan,BTN,2015,39.8
Bolivia,BOL,2015,45.1
Bosnia and Herzegovina,BIH,2015,65.0655028
Botswana,BWA,2015,27.5
Brazil,BRA,2015,59.07947791
Brunei,BRN,2015,71.2
Bulgaria,BGR,2015,56.6563
Burkina Faso,BFA,2015,11.38764617
Burundi,BDI,2015,4.866224464
Cambodia,KHM,2015,19
Cameroon,CMR,2015,20.68014766
Canada,CAN,2015,88.47
Cape Verde,CPV,2015,43.01962636
Caribbean small states,,2015,51.54186892
Cayman Islands,CYM,2015,77
Central African Republic,CAF,2015,4.563264352
Central Europe and the Baltics,,2015,67.77528405
Chad,TCD,2015,2.700000001
Chile,CHL,2015,64.289
China,CHN,2015,50.3
Colombia,COL,2015,55.90497251
Comoros,COM,2015,7.459161386
Congo,COG,2015,7.615974662
Costa Rica,CRI,2015,59.76295014
Cote d'Ivoire,CIV,2015,21
Croatia,HRV,2015,69.8031
Cuba,CUB,2015,37.30509742
Cyprus,CYP,2015,71.7159
Czech Republic,CZE,2015,81.2986
Democratic Republic of Congo,COD,2015,3.799999507
Denmark,DNK,2015,96.3305
Djibouti,DJI,2015,11.92243143
Dominica,DMA,2015,67.6
Dominican Republic,DOM,2015,54.21576634
Early-demographic dividend,,2015,29.8906567
East Asia & Pacific,,2015,49.59173435
East Asia & Pacific (IDA & IBRD),,2015,44.98204897
East Asia & Pacific (excluding high income),,2015,44.98204897
Ecuador,ECU,2015,48.94043379
Egypt,EGY,2015,37.81938343
El Salvador,SLV,2015,26.91507533
Equatorial Guinea,GNQ,2015,21.31999999
Eritrea,ERI,2015,1.083733116
Estonia,EST,2015,88.4066
Ethiopia,ETH,2015,11.6
Euro area,,2015,80.16187138
Europe & Central Asia,,2015,71.12994697
Europe & Central Asia (IDA & IBRD),,2015,59.57815192
Europe & Central Asia (excluding high income),,2015,58.78756246
European Union,,2015,79.54700654
Faeroe Islands,FRO,2015,94.2
Fiji,FJI,2015,46.32872895
Finland,FIN,2015,92.6513
Fragile and conflict affected situations,,2015,15.12150549
France,FRA,2015,84.6945
French Polynesia,PYF,2015,64.56020975
Gabon,GAB,2015,23.5
Gambia,GMB,2015,17.1198205
Georgia,GEO,2015,47.56975964
Germany,DEU,2015,87.5898
Ghana,GHA,2015,23.47812844
Greece,GRC,2015,66.835
Greenland,GRL,2015,67.60044348
Grenada,GRD,2015,53.81
Guam,GUM,2015,73.13999995
Guatemala,GTM,2015,27.1
Guinea,GIN,2015,4.7
Guinea-Bissau,GNB,2015,3.540706917
Guyana,GUY,2015,38.2
Haiti,HTI,2015,12.19776638
Heavily indebted poor countries (HIPC),,2015,12.13351837
High income,,2015,80.53053019
Honduras,HND,2015,20.35686743
Hong Kong,HKG,2015,84.94835296
Hungary,HUN,2015,72.8347
IBRD only,,2015,42.67248049
IDA & IBRD total,,2015,37.08237717
IDA blend,,2015,32.75853038
IDA only,,2015,13.77314697
IDA total,,2015,20.09521095
Iceland,ISL,2015,98.2
India,IND,2015,26
Indonesia,IDN,2015,21.97606771
Iran,IRN,2015,45.33497588
Iraq,IRQ,2015,17.22
Ireland,IRL,2015,80.1224
Israel,ISR,2015,77.35208966
Italy,ITA,2015,65.5716
Jamaica,JAM,2015,42.22122119
Japan,JPN,2015,91.05802839
Jordan,JOR,2015,53.4
Kazakhstan,KAZ,2015,70.8299336
Kenya,KEN,2015,45.62280061
Kiribati,KIR,2015,12.99748389
Kuwait,KWT,2015,82.07911476
Kyrgyzstan,KGZ,2015,30.24704278
Laos,LAO,2015,18.2
Late-demographic dividend,,2015,53.82181358
Latin America & Caribbean,,2015,54.64912082
Latin America & Caribbean (IDA & IBRD),,2015,54.78563128
Latin America & Caribbean (excluding high income),,2015,54.08338741
Latvia,LVA,2015,79.2006
Least developed countries: UN classification,,2015,12.62120326
Lebanon,LBN,2015,74
Lesotho,LSO,2015,16.0717077
Liberia,LBR,2015,5.903867603
Libya,LBY,2015,19.01607978
Liechtenstein,LIE,2015,96.6411951
Lithuania,LTU,2015,71.378
Low & middle income,,2015,36.77803303
Low income,,2015,9.460342053
Lower middle income,,2015,28.64821149
Luxembourg,LUX,2015,97.3341
Macao,MAC,2015,77.60013186
Macedonia,MKD,2015,70.3802
Madagascar,MDG,2015,4.17397219
Malawi,MWI,2015,9.298148347
Malaysia,MYS,2015,71.06406781
Maldives,MDV,2015,54.46195515
Mali,MLI,2015,10.33692498
Malta,MLT,2015,76.184
Marshall Islands,MHL,2015,19.2824418
Mauritania,MRT,2015,15.19912669
Mauritius,MUS,2015,50.13931848
Mexico,MEX,2015,57.43104299
Micronesia (country),FSM,2015,31.50108128
Middle East & North Africa,,2015,44.30642757
Middle East & North Africa (IDA & IBRD),,2015,38.70034154
Middle East & North Africa (excluding high income),,2015,38.93819609
Middle income,,2015,39.79670007
Moldova,MDA,2015,49.83693954
Monaco,MCO,2015,93.36330202
Mongolia,MNG,2015,21.43603111
Montenegro,MNE,2015,68.11958104
Morocco,MAR,2015,57.08
Mozambique,MOZ,2015,9
Myanmar,MMR,2015,21.8
Namibia,NAM,2015,22.30701479
Nepal,NPL,2015,17.58161801
Netherlands,NLD,2015,93.0965
New Caledonia,NCL,2015,74.00175279
New Zealand,NZL,2015,88.22288882
Nicaragua,NIC,2015,19.7042915
Niger,NER,2015,2.22016535
Nigeria,NGA,2015,47.44255029
North America,,2015,75.84917007
Norway,NOR,2015,96.8103
OECD members,,2015,76.94019043
Oman,OMN,2015,74.17416597
Other small states,,2015,40.47399019
Pacific island small states,,2015,29.78284146
Pakistan,PAK,2015,18
Palestine,PSE,2015,57.42419241
Panama,PAN,2015,51.20542499
Papua New Guinea,PNG,2015,7.9
Paraguay,PRY,2015,48.43868795
Peru,PER,2015,40.9
Philippines,PHL,2015,40.7
Poland,POL,2015,67.997
Portugal,PRT,2015,68.6329
Post-demographic dividend,,2015,79.51754372
Pre-demographic dividend,,2015,21.0710908
Puerto Rico,PRI,2015,79.46876883
Qatar,QAT,2015,92.88482645
Romania,ROU,2015,55.7632
Russia,RUS,2015,70.09924123
Rwanda,RWA,2015,18
Saint Kitts and Nevis,KNA,2015,75.7
Saint Lucia,LCA,2015,52.35
Saint Vincent and the Grenadines,VCT,2015,51.77
Samoa,WSM,2015,25.40700977
Sao Tome and Principe,STP,2015,25.8222488
Saudi Arabia,SAU,2015,69.6162358
Senegal,SEN,2015,21.69026413
Serbia,SRB,2015,65.3170254
Seychelles,SYC,2015,58.11869757
Sierra Leone,SLE,2015,2.5
Singapore,SGP,2015,82.103
Slovakia,SVK,2015,77.63470572
Slovenia,SVN,2015,73.0987
Small states,,2015,41.92189597
Solomon Islands,SLB,2015,10.00046498
Somalia,SOM,2015,1.76
South Africa,ZAF,2015,51.91911572
South Asia,,2015,23.62794112
South Asia (IDA & IBRD),,2015,23.62794112
South Korea,KOR,2015,89.64863086
South Sudan,SSD,2015,17.92978723
Spain,ESP,2015,78.6896
Sri Lanka,LKA,2015,29.98873755
Sub-Saharan Africa,,2015,22.38805971
Sub-Saharan Africa (IDA & IBRD),,2015,22.38805971
Sub-Saharan Africa (excluding high income),,2015,22.38466453
Sudan,SDN,2015,26.61492855
Suriname,SUR,2015,42.76382778
Swaziland,SWZ,2015,30.38270066
Sweden,SWE,2015,90.6102
Switzerland,CHE,2015,87.4790556
Syria,SYR,2015,29.97979724
Tajikistan,TJK,2015,18.98
Tanzania,TZA,2015,5.355144064
Thailand,THA,2015,39.31612674
Timor,TLS,2015,13.4
Togo,TGO,2015,7.12
Tonga,TON,2015,44.99951883
Trinidad and Tobago,TTO,2015,69.19847061
Tunisia,TUN,2015,48.51983599
Turkey,TUR,2015,53.74497914
Turkmenistan,TKM,2015,14.99677482
Tuvalu,TUV,2015,42.7
Uganda,UGA,2015,19.22109963
Ukraine,UKR,2015,48.88464368
United Arab Emirates,ARE,2015,91.24340578
United Kingdom,GBR,2015,92.0003
United States,USA,2015,74.45218272
United States Virgin Islands,VIR,2015,54.8391373
Upper middle income,,2015,52.41412268
Uruguay,URY,2015,64.6
Uzbekistan,UZB,2015,42.8
Vanuatu,VUT,2015,22.35140458
Venezuela,VEN,2015,61.86924809
Vietnam,VNM,2015,52.72
World,OWID_WRL,2015,43.89595231
Yemen,YEM,2015,25.0995144
Zambia,ZMB,2015,21
Zimbabwe,ZWE,2015,16.36
Afghanistan,AFG,2014,7
Albania,ALB,2014,60.1
Algeria,DZA,2014,25
Andorra,AND,2014,95.9
Angola,AGO,2014,10.2
Antigua and Barbuda,ATG,2014,64
Arab World,,2014,36.00712985
Argentina,ARG,2014,64.7
Armenia,ARM,2014,54.62280586
Aruba,ABW,2014,83.78
Australia,AUS,2014,84
Austria,AUT,2014,81
Azerbaijan,AZE,2014,75.00001564
Bahamas,BHS,2014,76.92
Bahrain,BHR,2014,90.50313348
Bangladesh,BGD,2014,13.9
Barbados,BRB,2014,75.16
Belarus,BLR,2014,59.02
Belgium,BEL,2014,85
Belize,BLZ,2014,38.7
Benin,BEN,2014,6
Bermuda,BMU,2014,96.8
Bhutan,BTN,2014,30.3
Bolivia,BOL,2014,34.6
Bosnia and Herzegovina,BIH,2014,60.8
Botswana,BWA,2014,18.5
Brazil,BRA,2014,54.55100188
Brunei,BRN,2014,68.77
Bulgaria,BGR,2014,55.49
Burkina Faso,BFA,2014,9.4
Burundi,BDI,2014,1.38
Cambodia,KHM,2014,14
Cameroon,CMR,2014,16.21487223
Canada,CAN,2014,87.12
Cape Verde,CPV,2014,40.26
Caribbean small states,,2014,49.1875928
Cayman Islands,CYM,2014,74.1
Central African Republic,CAF,2014,4.03
Central Europe and the Baltics,,2014,66.88377388
Chad,TCD,2014,2.5
Chile,CHL,2014,61.11
China,CHN,2014,47.9
Colombia,COL,2014,52.57
Comoros,COM,2014,6.98
Congo,COG,2014,7.11
Costa Rica,CRI,2014,53
Cote d'Ivoire,CIV,2014,14.6
Croatia,HRV,2014,68.57
Cuba,CUB,2014,29.07018437
Cyprus,CYP,2014,69.33
Czech Republic,CZE,2014,79.71
Democratic Republic of Congo,COD,2014,3
Denmark,DNK,2014,95.99
Djibouti,DJI,2014,10.71
Dominica,DMA,2014,57.5
Dominican Republic,DOM,2014,49.58
Early-demographic dividend,,2014,25.11454001
East Asia & Pacific,,2014,46.67184282
East Asia & Pacific (IDA & IBRD),,2014,41.9051896
East Asia & Pacific (excluding high income),,2014,41.9051896
Ecuador,ECU,2014,45.59039067
Egypt,EGY,2014,33.89460391
El Salvador,SLV,2014,24.76171215
Equatorial Guinea,GNQ,2014,18.86
Eritrea,ERI,2014,0.99
Estonia,EST,2014,84.24
Ethiopia,ETH,2014,7.7
Euro area,,2014,78.30003601
Europe & Central Asia,,2014,69.50421571
Europe & Central Asia (IDA & IBRD),,2014,57.73570264
Europe & Central Asia (excluding high income),,2014,56.90141989
European Union,,2014,78.09286984
Faeroe Islands,FRO,2014,93.3
Fiji,FJI,2014,41.8
Finland,FIN,2014,92.38
Fragile and conflict affected situations,,2014,12.24024068
France,FRA,2014,83.75
French Polynesia,PYF,2014,60.68
Gabon,GAB,2014,20
Gambia,GMB,2014,16.5
Georgia,GEO,2014,44
Germany,DEU,2014,86.19
Ghana,GHA,2014,18.9
Greece,GRC,2014,63.21
Greenland,GRL,2014,66.7
Grenada,GRD,2014,51.6
Guam,GUM,2014,69.27
Guatemala,GTM,2014,23.4
Guinea,GIN,2014,1.72
Guinea-Bissau,GNB,2014,3.32
Guyana,GUY,2014,37.35
Haiti,HTI,2014,11.4
Heavily indebted poor countries (HIPC),,2014,9.715207016
High income,,2014,78.8964511
Honduras,HND,2014,19.08
Hong Kong,HKG,2014,79.86627043
Hungary,HUN,2014,75.65319745
IBRD only,,2014,38.79980885
IDA & IBRD total,,2014,33.47148455
IDA blend,,2014,28.51624121
IDA only,,2014,11.34797291
IDA total,,2014,17.06679296
Iceland,ISL,2014,98.16
India,IND,2014,21
Indonesia,IDN,2014,17.14
Iran,IRN,2014,39.35
Iraq,IRQ,2014,13.21
Ireland,IRL,2014,79.69
Israel,ISR,2014,75.01775316
Italy,ITA,2014,61.96
Jamaica,JAM,2014,40.4027351
Japan,JPN,2014,89.10683302
Jordan,JOR,2014,46.2
Kazakhstan,KAZ,2014,66
Kenya,KEN,2014,43.4
Kiribati,KIR,2014,12.25
Kuwait,KWT,2014,78.7
Kyrgyzstan,KGZ,2014,28.3
Laos,LAO,2014,14.26
Late-demographic dividend,,2014,51.19122286
Latin America & Caribbean,,2014,48.77555914
Latin America & Caribbean (IDA & IBRD),,2014,48.93643043
Latin America & Caribbean (excluding high income),,2014,48.08390004
Latvia,LVA,2014,75.83
Least developed countries: UN classification,,2014,10.31113597
Lebanon,LBN,2014,73
Lesotho,LSO,2014,11
Liberia,LBR,2014,5.41
Libya,LBY,2014,17.76
Liechtenstein,LIE,2014,95.21
Lithuania,LTU,2014,72.13
Low & middle income,,2014,33.13776179
Low income,,2014,7.518276816
Lower middle income,,2014,24.35915821
Luxembourg,LUX,2014,94.67
Macao,MAC,2014,69.78
Macedonia,MKD,2014,68.06
Madagascar,MDG,2014,3.7
Malawi,MWI,2014,5.83
Malaysia,MYS,2014,63.66542588
Maldives,MDV,2014,49.28
Mali,MLI,2014,7
Malta,MLT,2014,73.17
Marshall Islands,MHL,2014,16.8
Mauritania,MRT,2014,10.7
Mauritius,MUS,2014,44.80327537
Mexico,MEX,2014,44.39
Micronesia (country),FSM,2014,29.65
Middle East & North Africa,,2014,39.70053211
Middle East & North Africa (IDA & IBRD),,2014,33.92765813
Middle East & North Africa (excluding high income),,2014,34.17636192
Middle income,,2014,35.92828828
Moldova,MDA,2014,46.6
Monaco,MCO,2014,92.4
Mongolia,MNG,2014,19.94244743
Montenegro,MNE,2014,61
Morocco,MAR,2014,56.8
Mozambique,MOZ,2014,5.94
Myanmar,MMR,2014,11.52
Namibia,NAM,2014,14.84
Nepal,NPL,2014,15.44
Netherlands,NLD,2014,93.17
New Caledonia,NCL,2014,70
New Zealand,NZL,2014,85.5
Nicaragua,NIC,2014,17.6
Niger,NER,2014,1.95
Nigeria,NGA,2014,42.68
North America,,2014,74.40481529
Norway,NOR,2014,96.3
OECD members,,2014,74.24517196
Oman,OMN,2014,70.22
Other small states,,2014,36.78099244
Pacific island small states,,2014,26.68750547
Pakistan,PAK,2014,13.8
Palestine,PSE,2014,53.67
Panama,PAN,2014,44.92
Papua New Guinea,PNG,2014,6.5
Paraguay,PRY,2014,43
Peru,PER,2014,40.2
Philippines,PHL,2014,39.69
Poland,POL,2014,66.6
Portugal,PRT,2014,64.59
Post-demographic dividend,,2014,77.81659469
Pre-demographic dividend,,2014,18.47942146
Puerto Rico,PRI,2014,76.13385972
Qatar,QAT,2014,91.49
Romania,ROU,2014,54.08
Russia,RUS,2014,70.52
Rwanda,RWA,2014,10.6
Saint Kitts and Nevis,KNA,2014,68
Saint Lucia,LCA,2014,50
Saint Vincent and the Grenadines,VCT,2014,47.4
Samoa,WSM,2014,21.2
Sao Tome and Principe,STP,2014,24.41
Saudi Arabia,SAU,2014,64.71365737
Senegal,SEN,2014,17.7
Serbia,SRB,2014,62.07508046
Seychelles,SYC,2014,54.26
Sierra Leone,SLE,2014,2.1
Singapore,SGP,2014,79.02923586
Slovakia,SVK,2014,79.98
Slovenia,SVN,2014,71.59
Small states,,2014,38.53839019
Solomon Islands,SLB,2014,9
Somalia,SOM,2014,1.63
South Africa,ZAF,2014,49
South Asia,,2014,19.26777723
South Asia (IDA & IBRD),,2014,19.26777723
South Korea,KOR,2014,87.55682649
South Sudan,SSD,2014,15.9
Spain,ESP,2014,76.19
Sri Lanka,LKA,2014,25.8
Sub-Saharan Africa,,2014,19.57576513
Sub-Saharan Africa (IDA & IBRD),,2014,19.57576513
Sub-Saharan Africa (excluding high income),,2014,19.5723979
Sudan,SDN,2014,24.64
Suriname,SUR,2014,40.08
Swaziland,SWZ,2014,27.1
Sweden,SWE,2014,92.52
Switzerland,CHE,2014,87.4
Syria,SYR,2014,28.09
Tajikistan,TJK,2014,17.49
Tanzania,TZA,2014,4.86
Thailand,THA,2014,34.89
Timor,TLS,2014,11.3
Togo,TGO,2014,5.7
Tonga,TON,2014,40
Trinidad and Tobago,TTO,2014,65.1
Tunisia,TUN,2014,46.16
Turkey,TUR,2014,51.04
Turkmenistan,TKM,2014,12.2
Tuvalu,TUV,2014,39.2
Uganda,UGA,2014,17.71
Ukraine,UKR,2014,46.23597546
United Arab Emirates,ARE,2014,90.4
United Kingdom,GBR,2014,91.61
United States,USA,2014,73
United States Virgin Islands,VIR,2014,50.07
Upper middle income,,2014,48.92700004
Uruguay,URY,2014,61.46
Uzbekistan,UZB,2014,35.5
Vanuatu,VUT,2014,18.8
Venezuela,VEN,2014,57
Vietnam,VNM,2014,48.31
World,OWID_WRL,2014,40.62789724
Yemen,YEM,2014,22.55
Zambia,ZMB,2014,19
Zimbabwe,ZWE,2014,16.3
Afghanistan,AFG,2013,5.9
Albania,ALB,2013,57.2
Algeria,DZA,2013,16.5
Andorra,AND,2013,94
Angola,AGO,2013,8.9
Antigua and Barbuda,ATG,2013,63.4
Arab World,,2013,32.34989589
Argentina,ARG,2013,59.9
Armenia,ARM,2013,41.9
Aruba,ABW,2013,78.9
Australia,AUS,2013,83.45349717
Austria,AUT,2013,80.6188
Azerbaijan,AZE,2013,73.00000137
Bahamas,BHS,2013,72
Bahrain,BHR,2013,90.0000397
Bangladesh,BGD,2013,6.63
Barbados,BRB,2013,71.8
Belarus,BLR,2013,54.17
Belgium,BEL,2013,82.1702
Belize,BLZ,2013,33.6
Benin,BEN,2013,4.9
Bermuda,BMU,2013,95.3
Bhutan,BTN,2013,22.4
Bolivia,BOL,2013,36.99
Bosnia and Herzegovina,BIH,2013,57.79
Botswana,BWA,2013,15
Brazil,BRA,2013,51.04
Brunei,BRN,2013,64.5
Bulgaria,BGR,2013,53.0615
Burkina Faso,BFA,2013,9.1
Burundi,BDI,2013,1.264218111
Cambodia,KHM,2013,6.8
Canada,CAN,2013,85.8
Cape Verde,CPV,2013,37.5
Caribbean small states,,2013,46.0331198
Cayman Islands,CYM,2013,71.4
Central African Republic,CAF,2013,3.5
Central Europe and the Baltics,,2013,63.29097207
Chad,TCD,2013,2.3
Chile,CHL,2013,58
China,CHN,2013,45.8
Colombia,COL,2013,51.7
Comoros,COM,2013,6.5
Congo,COG,2013,6.6
Costa Rica,CRI,2013,45.96
Cote d'Ivoire,CIV,2013,8.4
Croatia,HRV,2013,66.7476
Cuba,CUB,2013,27.93
Cyprus,CYP,2013,65.4548
Czech Republic,CZE,2013,74.1104
Democratic Republic of Congo,COD,2013,2.2
Denmark,DNK,2013,94.6297
Djibouti,DJI,2013,9.5
Dominica,DMA,2013,51
Dominican Republic,DOM,2013,45.9
Early-demographic dividend,,2013,20.34903021
East Asia & Pacific,,2013,44.16511022
East Asia & Pacific (IDA & IBRD),,2013,39.24711359
East Asia & Pacific (excluding high income),,2013,39.24711359
Ecuador,ECU,2013,40.27912194
Egypt,EGY,2013,29.4
El Salvador,SLV,2013,23.1093
Equatorial Guinea,GNQ,2013,16.4
Eritrea,ERI,2013,0.9
Estonia,EST,2013,80.0043
Ethiopia,ETH,2013,4.6
Euro area,,2013,75.81302156
Europe & Central Asia,,2013,66.30640344
Europe & Central Asia (IDA & IBRD),,2013,53.7257328
Europe & Central Asia (excluding high income),,2013,52.87030901
European Union,,2013,75.5373071
Faeroe Islands,FRO,2013,90
Fiji,FJI,2013,37.1
Finland,FIN,2013,91.5144
Fragile and conflict affected situations,,2013,9.559125585
France,FRA,2013,81.9198
French Polynesia,PYF,2013,56.8
Gabon,GAB,2013,9.2
Gambia,GMB,2013,14
Georgia,GEO,2013,43.3
Germany,DEU,2013,84.17
Ghana,GHA,2013,12.3
Greece,GRC,2013,59.8663
Greenland,GRL,2013,65.8
Grenada,GRD,2013,35
Guam,GUM,2013,65.4
Guatemala,GTM,2013,19.7
Guinea,GIN,2013,1.6
Guinea-Bissau,GNB,2013,3.1
Guyana,GUY,2013,35
Haiti,HTI,2013,10.6
Heavily indebted poor countries (HIPC),,2013,7.754439185
High income,,2013,76.84004094
Honduras,HND,2013,17.8
Hong Kong,HKG,2013,74.2
Hungary,HUN,2013,72.6439
IBRD only,,2013,35.1083817
IDA & IBRD total,,2013,29.94201552
IDA blend,,2013,25.09643129
IDA only,,2013,8.089983445
IDA total,,2013,13.57820114
Iceland,ISL,2013,96.5468
India,IND,2013,15.1
Indonesia,IDN,2013,14.94
Iran,IRN,2013,29.95
Iraq,IRQ,2013,9.2
Ireland,IRL,2013,78.2477
Israel,ISR,2013,70.25031195
Italy,ITA,2013,58.4593
Jamaica,JAM,2013,37.1
Japan,JPN,2013,88.21942891
Jordan,JOR,2013,41.4
Kazakhstan,KAZ,2013,63
Kenya,KEN,2013,39
Kiribati,KIR,2013,11.5
Kuwait,KWT,2013,75.46
Kyrgyzstan,KGZ,2013,23
Laos,LAO,2013,12.5
Late-demographic dividend,,2013,48.54995277
Latin America & Caribbean,,2013,46.26708166
Latin America & Caribbean (IDA & IBRD),,2013,46.43565191
Latin America & Caribbean (excluding high income),,2013,45.62560089
Latvia,LVA,2013,75.2344
Least developed countries: UN classification,,2013,7.191400569
Lebanon,LBN,2013,70.5
Lesotho,LSO,2013,5
Liberia,LBR,2013,3.2
Libya,LBY,2013,16.5
Liechtenstein,LIE,2013,93.8
Lithuania,LTU,2013,68.4529
Low & middle income,,2013,29.60379072
Low income,,2013,6.131143623
Lower middle income,,2013,19.55678019
Luxembourg,LUX,2013,93.7765
Macao,MAC,2013,65.8
Macedonia,MKD,2013,65.24
Madagascar,MDG,2013,3
Malawi,MWI,2013,5.05
Malaysia,MYS,2013,57.05751226
Maldives,MDV,2013,44.1
Mali,MLI,2013,3.5
Malta,MLT,2013,68.9138
Marshall Islands,MHL,2013,14
Mauritania,MRT,2013,6.2
Mauritius,MUS,2013,40.11682514
Mexico,MEX,2013,43.46
Micronesia (country),FSM,2013,27.8
Middle East & North Africa,,2013,34.66623096
Middle East & North Africa (IDA & IBRD),,2013,28.75580733
Middle East & North Africa (excluding high income),,2013,28.97874379
Middle income,,2013,32.13353473
Moldova,MDA,2013,45
Monaco,MCO,2013,90.7
Mongolia,MNG,2013,17.69998424
Montenegro,MNE,2013,60.31
Morocco,MAR,2013,56
Mozambique,MOZ,2013,5.4
Myanmar,MMR,2013,1.8
Namibia,NAM,2013,13.9
Nepal,NPL,2013,13.3
Netherlands,NLD,2013,93.9564
New Caledonia,NCL,2013,66
New Zealand,NZL,2013,82.78
Nicaragua,NIC,2013,15.5
Niger,NER,2013,1.7
Nigeria,NGA,2013,38
North America,,2013,72.83028818
Norway,NOR,2013,95.0534
OECD members,,2013,72.25506662
Oman,OMN,2013,66.45
Other small states,,2013,33.16208496
Pacific island small states,,2013,22.92465917
Pakistan,PAK,2013,10.9
Palestine,PSE,2013,46.6
Panama,PAN,2013,44.03
Papua New Guinea,PNG,2013,5.1
Paraguay,PRY,2013,36.9
Peru,PER,2013,39.2
Philippines,PHL,2013,37
Poland,POL,2013,62.8492
Portugal,PRT,2013,62.0956
Post-demographic dividend,,2013,75.69817015
Pre-demographic dividend,,2013,16.14504987
Puerto Rico,PRI,2013,68.99999
Qatar,QAT,2013,85.3
Romania,ROU,2013,49.7645
Russia,RUS,2013,67.97
Rwanda,RWA,2013,9
Saint Kitts and Nevis,KNA,2013,64.6
Saint Lucia,LCA,2013,46.2
Saint Vincent and the Grenadines,VCT,2013,43.5
Samoa,WSM,2013,15.3
Sao Tome and Principe,STP,2013,23
Saudi Arabia,SAU,2013,60.5
Senegal,SEN,2013,13.1
Serbia,SRB,2013,53.45036418
Seychelles,SYC,2013,50.4
Sierra Leone,SLE,2013,1.7
Singapore,SGP,2013,80.90205685
Slovakia,SVK,2013,77.8826
Slovenia,SVN,2013,72.6756
Small states,,2013,35.01918334
Solomon Islands,SLB,2013,8
Somalia,SOM,2013,1.5
South Africa,ZAF,2013,46.5
South Asia,,2013,13.74662379
South Asia (IDA & IBRD),,2013,13.74662379
South Korea,KOR,2013,84.77
South Sudan,SSD,2013,14.1
Spain,ESP,2013,71.635
Sri Lanka,LKA,2013,21.9
Sub-Saharan Africa,,2013,17.1216113
Sub-Saharan Africa (IDA & IBRD),,2013,17.1216113
Sub-Saharan Africa (excluding high income),,2013,17.11823213
Sudan,SDN,2013,22.7
Suriname,SUR,2013,37.4
Swaziland,SWZ,2013,24.7
Sweden,SWE,2013,94.7836
Switzerland,CHE,2013,86.34
Syria,SYR,2013,26.2
Tajikistan,TJK,2013,16
Tanzania,TZA,2013,4.4
Thailand,THA,2013,28.94
Timor,TLS,2013,8
Togo,TGO,2013,4.5
Tonga,TON,2013,35
Trinidad and Tobago,TTO,2013,63.8
Tunisia,TUN,2013,43.8
Turkey,TUR,2013,46.25
Turkmenistan,TKM,2013,9.6
Tuvalu,TUV,2013,37
Uganda,UGA,2013,16.2
Ukraine,UKR,2013,40.954129
United Arab Emirates,ARE,2013,88
United Kingdom,GBR,2013,89.8441
United States,USA,2013,71.4
United States Virgin Islands,VIR,2013,45.3
Upper middle income,,2013,46.06867476
Uruguay,URY,2013,57.69
Uzbekistan,UZB,2013,26.8
Vanuatu,VUT,2013,11.3
Venezuela,VEN,2013,54.9
Vietnam,VNM,2013,43.9
World,OWID_WRL,2013,37.40480564
Yemen,YEM,2013,20
Zambia,ZMB,2013,15.4
Zimbabwe,ZWE,2013,15.5
Afghanistan,AFG,2012,5.454545455
Albania,ALB,2012,54.65595904
Algeria,DZA,2012,15.22802676
Andorra,AND,2012,86.43442462
Angola,AGO,2012,6.5
Antigua and Barbuda,ATG,2012,58
Arab World,,2012,29.95430206
Argentina,ARG,2012,55.8
Armenia,ARM,2012,37.5
Aruba,ABW,2012,74
Australia,AUS,2012,79
Austria,AUT,2012,80.02999392
Azerbaijan,AZE,2012,54.2
Bahamas,BHS,2012,71.74820281
Bahrain,BHR,2012,88
Bangladesh,BGD,2012,5
Barbados,BRB,2012,71.2
Belarus,BLR,2012,46.91
Belgium,BEL,2012,80.71999055
Belize,BLZ,2012,31
Benin,BEN,2012,4.5
Bermuda,BMU,2012,91.29930452
Bhutan,BTN,2012,15.6
Bolivia,BOL,2012,35.34
Bosnia and Herzegovina,BIH,2012,52.78
Botswana,BWA,2012,11.5
Brazil,BRA,2012,48.56
British Virgin Islands,VGB,2012,37.6
Brunei,BRN,2012,60.27306504
Bulgaria,BGR,2012,51.89998767
Burkina Faso,BFA,2012,3.725034916
Burundi,BDI,2012,1.219999945
Cambodia,KHM,2012,4.94
Canada,CAN,2012,83
Cape Verde,CPV,2012,34.74
Caribbean small states,,2012,43.13709427
Cayman Islands,CYM,2012,69.7
Central African Republic,CAF,2012,3
Central Europe and the Baltics,,2012,61.50954877
Chad,TCD,2012,2.1
Chile,CHL,2012,55.05
China,CHN,2012,42.30011749
Colombia,COL,2012,48.98
Comoros,COM,2012,5.975296308
Congo,COG,2012,6.106695024
Costa Rica,CRI,2012,47.5
Cote d'Ivoire,CIV,2012,5
Croatia,HRV,2012,61.93997315
Cuba,CUB,2012,21.2
Cyprus,CYP,2012,60.6898684
Czech Republic,CZE,2012,73.43000782
Democratic Republic of Congo,COD,2012,1.679961015
Denmark,DNK,2012,92.26001172
Djibouti,DJI,2012,8.267232892
Dominica,DMA,2012,49.8
Dominican Republic,DOM,2012,42.32
Early-demographic dividend,,2012,18.02426063
East Asia & Pacific,,2012,40.75541268
East Asia & Pacific (IDA & IBRD),,2012,36.56824335
East Asia & Pacific (excluding high income),,2012,36.11991697
Ecuador,ECU,2012,35.13514645
Egypt,EGY,2012,26.4
El Salvador,SLV,2012,20.32138772
Equatorial Guinea,GNQ,2012,13.94318219
Eritrea,ERI,2012,0.8
Estonia,EST,2012,78.38992593
Ethiopia,ETH,2012,2.9
Euro area,,2012,74.08163408
Europe & Central Asia,,2012,63.48542495
Europe & Central Asia (IDA & IBRD),,2012,49.87290343
Europe & Central Asia (excluding high income),,2012,48.70394172
European Union,,2012,73.69936458
Faeroe Islands,FRO,2012,85.33518924
Fiji,FJI,2012,33.74235675
Finland,FIN,2012,89.87999797
Fragile and conflict affected situations,,2012,8.111928511
France,FRA,2012,81.44
French Polynesia,PYF,2012,52.87663059
Gabon,GAB,2012,8.616714489
Gambia,GMB,2012,12.44922872
Georgia,GEO,2012,36.94
Germany,DEU,2012,82.34999847
Ghana,GHA,2012,10.6
Gibraltar,GIB,2012,65.017
Greece,GRC,2012,55.06999344
Greenland,GRL,2012,64.8960101
Grenada,GRD,2012,32
Guam,GUM,2012,61.53415931
Guatemala,GTM,2012,16
Guinea,GIN,2012,1.490144366
Guinea-Bissau,GNB,2012,2.893990621
Guyana,GUY,2012,33
Haiti,HTI,2012,9.8
Heavily indebted poor countries (HIPC),,2012,6.607741601
High income,,2012,75.52163268
Honduras,HND,2012,18.12
Hong Kong,HKG,2012,72.9
Hungary,HUN,2012,70.57999815
IBRD only,,2012,32.23067208
IDA & IBRD total,,2012,27.34916443
IDA blend,,2012,21.69658116
IDA only,,2012,6.725683215
IDA total,,2012,11.59484947
Iceland,ISL,2012,96.20979955
India,IND,2012,12.58006091
Indonesia,IDN,2012,14.52
Iran,IRN,2012,22.73
Iraq,IRQ,2012,7.1
Ireland,IRL,2012,76.91999254
Israel,ISR,2012,70.8
Italy,ITA,2012,55.82999799
Jamaica,JAM,2012,33.79
Japan,JPN,2012,79.4964
Jordan,JOR,2012,37
Kazakhstan,KAZ,2012,53.31566912
Kenya,KEN,2012,32.1
Kiribati,KIR,2012,10.74679768
Kuwait,KWT,2012,70.45
Kyrgyzstan,KGZ,2012,19.8
Laos,LAO,2012,10.74767619
Late-demographic dividend,,2012,44.75117182
Latin America & Caribbean,,2012,43.18728623
Latin America & Caribbean (IDA & IBRD),,2012,43.4061166
Latin America & Caribbean (excluding high income),,2012,42.52021043
Latvia,LVA,2012,73.11994377
Least developed countries: UN classification,,2012,5.846904401
Lebanon,LBN,2012,61.24978572
Lesotho,LSO,2012,4.58961763
Liberia,LBR,2012,2.6
Liechtenstein,LIE,2012,89.4077
Lithuania,LTU,2012,67.22998933
Low & middle income,,2012,26.87381689
Low income,,2012,4.650811705
Lower middle income,,2012,17.14194445
Luxembourg,LUX,2012,91.94992374
Macao,MAC,2012,61.31
Macedonia,MKD,2012,57.44994731
Madagascar,MDG,2012,2.3
Malawi,MWI,2012,4.3506
Malaysia,MYS,2012,65.8
Maldives,MDV,2012,38.9301
Mali,MLI,2012,2.8
Malta,MLT,2012,68.19987429
Marshall Islands,MHL,2012,12.5
Mauritania,MRT,2012,5
Mauritius,MUS,2012,35.42
Mexico,MEX,2012,39.75
Micronesia (country),FSM,2012,25.974423
Middle East & North Africa,,2012,31.26995992
Middle East & North Africa (IDA & IBRD),,2012,25.56783204
Middle East & North Africa (excluding high income),,2012,25.79288297
Middle income,,2012,29.29253993
Moldova,MDA,2012,43.37
Monaco,MCO,2012,87
Mongolia,MNG,2012,16.4
Montenegro,MNE,2012,56.83878255
Morocco,MAR,2012,55.41605319
Mozambique,MOZ,2012,4.8491
Myanmar,MMR,2012,1.44
Namibia,NAM,2012,12.9414
Nepal,NPL,2012,11.1493
Netherlands,NLD,2012,92.85999236
New Caledonia,NCL,2012,58
New Zealand,NZL,2012,81.64447018
Nicaragua,NIC,2012,13.5
Niger,NER,2012,1.4077
Nigeria,NGA,2012,32.8
North America,,2012,75.5235834
North Korea,PRK,2012,0
Norway,NOR,2012,94.64997805
OECD members,,2012,70.9495135
Oman,OMN,2012,60
Other small states,,2012,29.75500507
Pacific island small states,,2012,20.90334677
Pakistan,PAK,2012,9.96
Palestine,PSE,2012,43.4
Panama,PAN,2012,40.30189522
Papua New Guinea,PNG,2012,3.5
Paraguay,PRY,2012,29.34
Peru,PER,2012,38.2
Philippines,PHL,2012,36.2351
Poland,POL,2012,62.30999727
Portugal,PRT,2012,60.33999749
Post-demographic dividend,,2012,74.21812739
Pre-demographic dividend,,2012,13.75177462
Puerto Rico,PRI,2012,68.9999826
Qatar,QAT,2012,69.3
Romania,ROU,2012,45.87999425
Russia,RUS,2012,63.8
Rwanda,RWA,2012,8.023854277
Saint Kitts and Nevis,KNA,2012,64
Saint Lucia,LCA,2012,45.9
Saint Vincent and the Grenadines,VCT,2012,40
Samoa,WSM,2012,12.92249
Sao Tome and Principe,STP,2012,21.5724
Saudi Arabia,SAU,2012,54
Senegal,SEN,2012,10.8
Serbia,SRB,2012,48.1
Seychelles,SYC,2012,47.076
Sierra Leone,SLE,2012,1.3
Singapore,SGP,2012,72
Slovakia,SVK,2012,76.70999012
Slovenia,SVN,2012,68.34997453
Small states,,2012,31.81846491
Solomon Islands,SLB,2012,6.9974
Somalia,SOM,2012,1.3767
South Africa,ZAF,2012,41
South Asia,,2012,11.5120098
South Asia (IDA & IBRD),,2012,11.5120098
South Korea,KOR,2012,84.07
Spain,ESP,2012,69.80999994
Sri Lanka,LKA,2012,18.2854
Sub-Saharan Africa,,2012,14.61288055
Sub-Saharan Africa (IDA & IBRD),,2012,14.61288055
Sub-Saharan Africa (excluding high income),,2012,14.6094728
Sudan,SDN,2012,21
Suriname,SUR,2012,34.6812
Swaziland,SWZ,2012,20.78178258
Sweden,SWE,2012,93.17998801
Switzerland,CHE,2012,85.2
Syria,SYR,2012,24.3001
Tajikistan,TJK,2012,14.51
Tanzania,TZA,2012,3.95
Thailand,THA,2012,26.46
Timor,TLS,2012,2.3
Togo,TGO,2012,4
Tonga,TON,2012,33
Trinidad and Tobago,TTO,2012,59.5162
Tunisia,TUN,2012,41.4416
Turkey,TUR,2012,45.13
Turkmenistan,TKM,2012,7.1958
Tuvalu,TUV,2012,35
Uganda,UGA,2012,14.6896
Ukraine,UKR,2012,35.27
United Arab Emirates,ARE,2012,84.9999915
United Kingdom,GBR,2012,87.47999842
United States,USA,2012,74.7
United States Virgin Islands,VIR,2012,40.5479
Upper middle income,,2012,42.69554065
Uruguay,URY,2012,54.45376868
Uzbekistan,UZB,2012,23.6
Vanuatu,VUT,2012,10.598
Venezuela,VEN,2012,49.05008307
Vietnam,VNM,2012,39.49
World,OWID_WRL,2012,34.9456996
Yemen,YEM,2012,17.4465
Zambia,ZMB,2012,13.4682
Zimbabwe,ZWE,2012,12
Afghanistan,AFG,2011,5
Albania,ALB,2011,49
Algeria,DZA,2011,14
Andorra,AND,2011,81
Angola,AGO,2011,3.1
Antigua and Barbuda,ATG,2011,52
Arab World,,2011,26.5499875
Argentina,ARG,2011,51
Armenia,ARM,2011,32
Aruba,ABW,2011,69
Australia,AUS,2011,79.48769771
Austria,AUT,2011,78.7399931
Azerbaijan,AZE,2011,50
Bahamas,BHS,2011,65
Bahrain,BHR,2011,76.9999665
Bangladesh,BGD,2011,4.5
Barbados,BRB,2011,66.5
Belarus,BLR,2011,39.64889566
Belgium,BEL,2011,81.609996
Belize,BLZ,2011,30.7
Benin,BEN,2011,4.148323066
Bermuda,BMU,2011,88.336
Bhutan,BTN,2011,14.4
Bolivia,BOL,2011,30
Bosnia and Herzegovina,BIH,2011,47.77
Botswana,BWA,2011,8
Brazil,BRA,2011,45.69
British Virgin Islands,VGB,2011,37.4
Brunei,BRN,2011,56
Bulgaria,BGR,2011,47.97999305
Burkina Faso,BFA,2011,3
Burundi,BDI,2011,1.11
Cambodia,KHM,2011,3.1
Cameroon,CMR,2011,5
Canada,CAN,2011,83
Cape Verde,CPV,2011,32
Caribbean small states,,2011,42.54218397
Cayman Islands,CYM,2011,69.46594499
Central African Republic,CAF,2011,2.2
Central Europe and the Baltics,,2011,58.85739213
Chad,TCD,2011,1.9
Chile,CHL,2011,52.24960729
China,CHN,2011,38.3
Colombia,COL,2011,40.35091575
Comoros,COM,2011,5.5
Congo,COG,2011,5.6
Costa Rica,CRI,2011,39.212196
Cote d'Ivoire,CIV,2011,2.9
Croatia,HRV,2011,57.78997899
Cuba,CUB,2011,16.0172908
Cyprus,CYP,2011,56.85989235
Czech Republic,CZE,2011,70.49
Democratic Republic of Congo,COD,2011,1.2
Denmark,DNK,2011,89.81001339
Djibouti,DJI,2011,7
Dominica,DMA,2011,48.6
Dominican Republic,DOM,2011,38
Early-demographic dividend,,2011,15.45778052
East Asia & Pacific,,2011,37.36364156
East Asia & Pacific (IDA & IBRD),,2011,32.78710741
East Asia & Pacific (excluding high income),,2011,32.3840651
Ecuador,ECU,2011,31.36680836
Egypt,EGY,2011,25.6
El Salvador,SLV,2011,18.9
Equatorial Guinea,GNQ,2011,11.5
Eritrea,ERI,2011,0.7
Estonia,EST,2011,76.5
Ethiopia,ETH,2011,1.1
Euro area,,2011,71.98915942
Europe & Central Asia,,2011,58.83403828
Europe & Central Asia (IDA & IBRD),,2011,42.60976996
Europe & Central Asia (excluding high income),,2011,40.78720278
European Union,,2011,71.51129114
Faeroe Islands,FRO,2011,80.7321728
Fiji,FJI,2011,28
Finland,FIN,2011,88.70999491
Fragile and conflict affected situations,,2011,6.890273856
France,FRA,2011,77.81999899
French Polynesia,PYF,2011,49
Gabon,GAB,2011,8
Gambia,GMB,2011,10.8703
Georgia,GEO,2011,31.52
Germany,DEU,2011,81.26999954
Ghana,GHA,2011,9
Gibraltar,GIB,2011,65
Greece,GRC,2011,51.64999517
Greenland,GRL,2011,64
Grenada,GRD,2011,30
Guam,GUM,2011,57.7
Guatemala,GTM,2011,12.3
Guinea,GIN,2011,1.3
Guinea-Bissau,GNB,2011,2.672
Guyana,GUY,2011,31
Haiti,HTI,2011,9
Heavily indebted poor countries (HIPC),,2011,5.397639252
High income,,2011,72.81576848
Honduras,HND,2011,15.9
Hong Kong,HKG,2011,72.2
Hungary,HUN,2011,68.01998789
IBRD only,,2011,28.43294097
IDA & IBRD total,,2011,24.02294649
IDA blend,,2011,18.10827884
IDA only,,2011,5.630713525
IDA total,,2011,9.817393788
Iceland,ISL,2011,94.8196868
India,IND,2011,10.07
Indonesia,IDN,2011,12.28
Iran,IRN,2011,19
Iraq,IRQ,2011,5
Ireland,IRL,2011,74.88997297
Israel,ISR,2011,68.87387799
Italy,ITA,2011,54.3899983
Jamaica,JAM,2011,37.43861341
Japan,JPN,2011,79.05411352
Jordan,JOR,2011,34.9
Kazakhstan,KAZ,2011,50.6
Kenya,KEN,2011,28
Kiribati,KIR,2011,10
Kuwait,KWT,2011,65.76907069
Kyrgyzstan,KGZ,2011,17.5
Laos,LAO,2011,9
Late-demographic dividend,,2011,40.04646418
Latin America & Caribbean,,2011,39.34778503
Latin America & Caribbean (IDA & IBRD),,2011,39.7058715
Latin America & Caribbean (excluding high income),,2011,38.75459641
Latvia,LVA,2011,69.74995456
Least developed countries: UN classification,,2011,4.780050953
Lebanon,LBN,2011,52
Lesotho,LSO,2011,4.2248
Liberia,LBR,2011,2.5
Libya,LBY,2011,14
Liechtenstein,LIE,2011,85
Lithuania,LTU,2011,63.6399774
Low & middle income,,2011,23.53568623
Low income,,2011,3.710801285
Lower middle income,,2011,14.32635034
Luxembourg,LUX,2011,90.02985856
Macao,MAC,2011,60.20369672
Macedonia,MKD,2011,56.7
Madagascar,MDG,2011,1.9
Malawi,MWI,2011,3.33
Malaysia,MYS,2011,61
Maldives,MDV,2011,34
Mali,MLI,2011,2.2
Malta,MLT,2011,68.01982379
Marshall Islands,MHL,2011,10
Mauritania,MRT,2011,4.5
Mauritius,MUS,2011,34.95
Mexico,MEX,2011,37.17629541
Micronesia (country),FSM,2011,22.8
Middle East & North Africa,,2011,27.69676649
Middle East & North Africa (IDA & IBRD),,2011,22.53908189
Middle East & North Africa (excluding high income),,2011,22.76705108
Middle income,,2011,25.6539421
Moldova,MDA,2011,38
Monaco,MCO,2011,80.3
Mongolia,MNG,2011,12.49999111
Montenegro,MNE,2011,35.61154125
Morocco,MAR,2011,46.1074826
Mozambique,MOZ,2011,4.3
Myanmar,MMR,2011,0.98
Namibia,NAM,2011,12
Nauru,NRU,2011,54
Nepal,NPL,2011,9
Netherlands,NLD,2011,91.41999576
New Caledonia,NCL,2011,50
New Zealand,NZL,2011,81.23
Nicaragua,NIC,2011,10.6
Niger,NER,2011,1.3
Nigeria,NGA,2011,28.43
North America,,2011,71.04254959
North Korea,PRK,2011,0
Norway,NOR,2011,93.48998265
OECD members,,2011,68.5340433
Oman,OMN,2011,48
Other small states,,2011,27.29124162
Pacific island small states,,2011,17.67352103
Pakistan,PAK,2011,9
Palestine,PSE,2011,41.08
Panama,PAN,2011,42.7
Papua New Guinea,PNG,2011,2
Paraguay,PRY,2011,24.76351588
Peru,PER,2011,36.01
Philippines,PHL,2011,29
Poland,POL,2011,61.94999897
Portugal,PRT,2011,55.24999688
Post-demographic dividend,,2011,71.40275553
Pre-demographic dividend,,2011,11.52358938
Puerto Rico,PRI,2011,48
Qatar,QAT,2011,69
Romania,ROU,2011,40.00999678
Russia,RUS,2011,49
Rwanda,RWA,2011,7
Saint Kitts and Nevis,KNA,2011,63.2
Saint Lucia,LCA,2011,44
Saint Vincent and the Grenadines,VCT,2011,36.7
Samoa,WSM,2011,11
San Marino,SMR,2011,49.6
Sao Tome and Principe,STP,2011,20.1612
Saudi Arabia,SAU,2011,47.5
Senegal,SEN,2011,9.8
Serbia,SRB,2011,42.2
Seychelles,SYC,2011,43.16400446
Sierra Leone,SLE,2011,0.9
Singapore,SGP,2011,71
Slovakia,SVK,2011,74.43999717
Slovenia,SVN,2011,67.33999481
Small states,,2011,29.69383072
Solomon Islands,SLB,2011,6
Somalia,SOM,2011,1.25
South Africa,ZAF,2011,33.97
South Asia,,2011,9.393092787
South Asia (IDA & IBRD),,2011,9.393092787
South Korea,KOR,2011,83.75912015
Spain,ESP,2011,67.08999939
Sri Lanka,LKA,2011,15
Sub-Saharan Africa,,2011,12.10872903
Sub-Saharan Africa (IDA & IBRD),,2011,12.10872903
Sub-Saharan Africa (excluding high income),,2011,12.10548202
Sudan,SDN,2011,17.46
Suriname,SUR,2011,32
Swaziland,SWZ,2011,18.13
Sweden,SWE,2011,92.76998606
Switzerland,CHE,2011,85.19302818
Syria,SYR,2011,22.5
Tajikistan,TJK,2011,13.03
Tanzania,TZA,2011,3.2
Thailand,THA,2011,23.66992562
Timor,TLS,2011,0.9
Togo,TGO,2011,3.5
Tonga,TON,2011,25
Trinidad and Tobago,TTO,2011,55.2
Tunisia,TUN,2011,39.1
Turkey,TUR,2011,43.06571043
Turkmenistan,TKM,2011,5
Tuvalu,TUV,2011,30
Uganda,UGA,2011,13.01354333
Ukraine,UKR,2011,28.70826284
United Arab Emirates,ARE,2011,78
United Kingdom,GBR,2011,85.37999855
United States,USA,2011,69.72946076
United States Virgin Islands,VIR,2011,35.6
Upper middle income,,2011,38.12812452
Uruguay,URY,2011,51.40466106
Uzbekistan,UZB,2011,18.6
Vanuatu,VUT,2011,9.2
Venezuela,VEN,2011,40.22
Vietnam,VNM,2011,35.07
World,OWID_WRL,2011,31.72635573
Yemen,YEM,2011,14.905
Zambia,ZMB,2011,11.5
Zimbabwe,ZWE,2011,8.4
Afghanistan,AFG,2010,4
Albania,ALB,2010,45
Algeria,DZA,2010,12.5
Andorra,AND,2010,81
Angola,AGO,2010,2.8
Antigua and Barbuda,ATG,2010,47
Arab World,,2010,24.5357799
Argentina,ARG,2010,45
Armenia,ARM,2010,25
Aruba,ABW,2010,62
Australia,AUS,2010,76
Austria,AUT,2010,75.17
Azerbaijan,AZE,2010,46
Bahamas,BHS,2010,43
Bahrain,BHR,2010,55
Bangladesh,BGD,2010,3.7
Barbados,BRB,2010,65.1
Belarus,BLR,2010,31.8
Belgium,BEL,2010,75
Belize,BLZ,2010,28.2
Benin,BEN,2010,3.13
Bermuda,BMU,2010,84.21
Bhutan,BTN,2010,13.6
Bolivia,BOL,2010,22.4
Bosnia and Herzegovina,BIH,2010,42.75
Botswana,BWA,2010,6
Brazil,BRA,2010,40.65
British Virgin Islands,VGB,2010,37
Brunei,BRN,2010,53
Bulgaria,BGR,2010,46.23
Burkina Faso,BFA,2010,2.4
Burundi,BDI,2010,1
Cambodia,KHM,2010,1.26
Cameroon,CMR,2010,4.3
Canada,CAN,2010,80.3
Cape Verde,CPV,2010,30
Caribbean small states,,2010,35.74316613
Cayman Islands,CYM,2010,66
Central African Republic,CAF,2010,2
Central Europe and the Baltics,,2010,58.35016696
Chad,TCD,2010,1.7
Chile,CHL,2010,45
China,CHN,2010,34.3
Colombia,COL,2010,36.5
Comoros,COM,2010,5.1
Congo,COG,2010,5
Costa Rica,CRI,2010,36.5
Cote d'Ivoire,CIV,2010,2.7
Croatia,HRV,2010,56.55
Cuba,CUB,2010,15.9
Cyprus,CYP,2010,52.99
Czech Republic,CZE,2010,68.82
Democratic Republic of Congo,COD,2010,0.72
Denmark,DNK,2010,88.72
Djibouti,DJI,2010,6.5
Dominica,DMA,2010,47.45
Dominican Republic,DOM,2010,31.4
Early-demographic dividend,,2010,12.84658925
East Asia & Pacific,,2010,34.2294861
East Asia & Pacific (IDA & IBRD),,2010,29.31742709
East Asia & Pacific (excluding high income),,2010,28.95605646
Ecuador,ECU,2010,29.03
Egypt,EGY,2010,21.6
El Salvador,SLV,2010,15.9
Equatorial Guinea,GNQ,2010,6
Eritrea,ERI,2010,0.61
Estonia,EST,2010,74.1
Ethiopia,ETH,2010,0.75
Euro area,,2010,71.02191736
Europe & Central Asia,,2010,56.11814625
Europe & Central Asia (IDA & IBRD),,2010,38.16688634
Europe & Central Asia (excluding high income),,2010,35.8844807
European Union,,2010,70.63089596
Faeroe Islands,FRO,2010,75.2
Fiji,FJI,2010,20
Finland,FIN,2010,86.89
Fragile and conflict affected situations,,2010,6.24292365
France,FRA,2010,77.28
French Polynesia,PYF,2010,49
Gabon,GAB,2010,7.23
Gambia,GMB,2010,9.2
Georgia,GEO,2010,26.9
Germany,DEU,2010,82
Ghana,GHA,2010,7.8
Gibraltar,GIB,2010,65
Greece,GRC,2010,44.4
Greenland,GRL,2010,63
Grenada,GRD,2010,27
Guam,GUM,2010,54.04
Guatemala,GTM,2010,10.5
Guinea,GIN,2010,1
Guinea-Bissau,GNB,2010,2.45
Guyana,GUY,2010,29.9
Haiti,HTI,2010,8.37
Heavily indebted poor countries (HIPC),,2010,4.929978865
High income,,2010,72.275785
Honduras,HND,2010,11.09
Hong Kong,HKG,2010,72
Hungary,HUN,2010,65
IBRD only,,2010,24.93875872
IDA & IBRD total,,2010,20.99379112
IDA blend,,2010,14.5419699
IDA only,,2010,5.046070866
IDA total,,2010,8.212091936
Iceland,ISL,2010,93.39
India,IND,2010,7.5
Indonesia,IDN,2010,10.92
Iran,IRN,2010,15.9
Iraq,IRQ,2010,2.5
Ireland,IRL,2010,69.85
Israel,ISR,2010,67.5
Italy,ITA,2010,53.68
Jamaica,JAM,2010,27.67
Japan,JPN,2010,78.21
Jordan,JOR,2010,27.2
Kazakhstan,KAZ,2010,31.6
Kenya,KEN,2010,14
Kiribati,KIR,2010,9.07
Kuwait,KWT,2010,61.4
Kyrgyzstan,KGZ,2010,16.3
Laos,LAO,2010,7
Late-demographic dividend,,2010,36.03501964
Latin America & Caribbean,,2010,34.70962205
Latin America & Caribbean (IDA & IBRD),,2010,34.98117776
Latin America & Caribbean (excluding high income),,2010,34.19612572
Latvia,LVA,2010,68.42
Least developed countries: UN classification,,2010,4.301735741
Lebanon,LBN,2010,43.68
Lesotho,LSO,2010,3.86
Liberia,LBR,2010,2.3
Libya,LBY,2010,14
Liechtenstein,LIE,2010,80
Lithuania,LTU,2010,62.12
Low & middle income,,2010,20.51092908
Low income,,2010,3.331478558
Lower middle income,,2010,11.79157678
Luxembourg,LUX,2010,90.62
Macao,MAC,2010,55.198
Macedonia,MKD,2010,51.9
Madagascar,MDG,2010,1.7
Malawi,MWI,2010,2.26
Malaysia,MYS,2010,56.3
Maldives,MDV,2010,26.53
Mali,MLI,2010,2
Malta,MLT,2010,63
Marshall Islands,MHL,2010,7
Mauritania,MRT,2010,4
Mauritius,MUS,2010,28.33
Mexico,MEX,2010,31.05
Micronesia (country),FSM,2010,20
Middle East & North Africa,,2010,24.8526292
Middle East & North Africa (IDA & IBRD),,2010,20.41158945
Middle East & North Africa (excluding high income),,2010,20.61891636
Middle income,,2010,22.32547243
Moldova,MDA,2010,32.3
Monaco,MCO,2010,75
Mongolia,MNG,2010,10.2
Montenegro,MNE,2010,37.5
Morocco,MAR,2010,52
Mozambique,MOZ,2010,4.17
Myanmar,MMR,2010,0.25
Namibia,NAM,2010,11.6
Nepal,NPL,2010,7.93
Netherlands,NLD,2010,90.72
New Caledonia,NCL,2010,42
New Zealand,NZL,2010,80.46
Nicaragua,NIC,2010,10
Niger,NER,2010,0.83
Nigeria,NGA,2010,24
North America,,2010,72.54048364
North Korea,PRK,2010,0
Norway,NOR,2010,93.39
OECD members,,2010,67.62063433
Oman,OMN,2010,35.8278
Other small states,,2010,24.24058748
Pacific island small states,,2010,12.98691854
Pakistan,PAK,2010,8
Palestine,PSE,2010,37.4
Panama,PAN,2010,40.1
Papua New Guinea,PNG,2010,1.28
Paraguay,PRY,2010,19.8
Peru,PER,2010,34.77
Philippines,PHL,2010,25
Poland,POL,2010,62.32
Portugal,PRT,2010,53.3
Post-demographic dividend,,2010,70.95460509
Pre-demographic dividend,,2010,9.426763683
Puerto Rico,PRI,2010,45.3
Qatar,QAT,2010,69
Romania,ROU,2010,39.93
Russia,RUS,2010,43
Rwanda,RWA,2010,8
Saint Kitts and Nevis,KNA,2010,63
Saint Lucia,LCA,2010,43.3
Saint Vincent and the Grenadines,VCT,2010,33.7
Samoa,WSM,2010,7
Sao Tome and Principe,STP,2010,18.75
Saudi Arabia,SAU,2010,41
Senegal,SEN,2010,8
Serbia,SRB,2010,40.9
Seychelles,SYC,2010,41
Sierra Leone,SLE,2010,0.58
Singapore,SGP,2010,71
Slovakia,SVK,2010,75.71
Slovenia,SVN,2010,70
Small states,,2010,25.82915549
Solomon Islands,SLB,2010,5
South Africa,ZAF,2010,24
South Asia,,2010,7.206545642
South Asia (IDA & IBRD),,2010,7.206545642
South Korea,KOR,2010,83.7
South Sudan,SSD,2010,7
Spain,ESP,2010,65.8
Sri Lanka,LKA,2010,12
Sub-Saharan Africa,,2010,9.775497398
Sub-Saharan Africa (IDA & IBRD),,2010,9.775497398
Sub-Saharan Africa (excluding high income),,2010,9.772200583
Sudan,SDN,2010,16.7
Suriname,SUR,2010,31.59
Swaziland,SWZ,2010,11.04
Sweden,SWE,2010,90
Switzerland,CHE,2010,83.9
Syria,SYR,2010,20.7
Tajikistan,TJK,2010,11.55
Tanzania,TZA,2010,2.9
Thailand,THA,2010,22.4
Timor,TLS,2010,0.21
Togo,TGO,2010,3
Tonga,TON,2010,16
Trinidad and Tobago,TTO,2010,48.5
Tunisia,TUN,2010,36.8
Turkey,TUR,2010,39.82
Turkmenistan,TKM,2010,3
Tuvalu,TUV,2010,25
Uganda,UGA,2010,12.5
Ukraine,UKR,2010,23.3
United Arab Emirates,ARE,2010,68
United Kingdom,GBR,2010,85
United States,USA,2010,71.69
United States Virgin Islands,VIR,2010,31.22
Upper middle income,,2010,33.87684763
Uruguay,URY,2010,46.4
Uzbekistan,UZB,2010,15.9
Vanuatu,VUT,2010,8
Venezuela,VEN,2010,37.37
Vietnam,VNM,2010,30.65
World,OWID_WRL,2010,29.149614
Yemen,YEM,2010,12.35
Zambia,ZMB,2010,10
Zimbabwe,ZWE,2010,6.4
Afghanistan,AFG,2009,3.55
Albania,ALB,2009,41.2
Algeria,DZA,2009,11.23
Andorra,AND,2009,78.53
Angola,AGO,2009,2.3
Antigua and Barbuda,ATG,2009,42
Arab World,,2009,21.5453539
Argentina,ARG,2009,34
Armenia,ARM,2009,15.3
Aruba,ABW,2009,58
Australia,AUS,2009,74.25
Austria,AUT,2009,73.45
Azerbaijan,AZE,2009,27.4
Bahamas,BHS,2009,33.88
Bahrain,BHR,2009,53
Bangladesh,BGD,2009,3.1
Barbados,BRB,2009,64.7
Belarus,BLR,2009,27.43
Belgium,BEL,2009,70
Belize,BLZ,2009,27.2
Benin,BEN,2009,2.24
Bermuda,BMU,2009,83.25
Bhutan,BTN,2009,7.17
Bolivia,BOL,2009,16.8
Bosnia and Herzegovina,BIH,2009,37.74
Botswana,BWA,2009,6.15
Brazil,BRA,2009,39.22
British Virgin Islands,VGB,2009,36
Brunei,BRN,2009,49
Bulgaria,BGR,2009,45
Burkina Faso,BFA,2009,1.13
Burundi,BDI,2009,0.9
Cambodia,KHM,2009,0.53
Cameroon,CMR,2009,3.84
Canada,CAN,2009,80.3
Cape Verde,CPV,2009,21
Caribbean small states,,2009,31.92694997
Cayman Islands,CYM,2009,64.5
Central African Republic,CAF,2009,1.8
Central Europe and the Baltics,,2009,54.87022447
Chad,TCD,2009,1.5
Chile,CHL,2009,41.56
China,CHN,2009,28.9
Colombia,COL,2009,30
Comoros,COM,2009,3.5
Congo,COG,2009,4.5
Costa Rica,CRI,2009,34.33
Cote d'Ivoire,CIV,2009,2
Croatia,HRV,2009,50.58
Cuba,CUB,2009,14.33
Cyprus,CYP,2009,49.81
Czech Republic,CZE,2009,64.43
Democratic Republic of Congo,COD,2009,0.56
Denmark,DNK,2009,86.84
Djibouti,DJI,2009,4
Dominica,DMA,2009,42.02
Dominican Republic,DOM,2009,27.72
Early-demographic dividend,,2009,9.712751899
East Asia & Pacific,,2009,29.5123239
East Asia & Pacific (IDA & IBRD),,2009,24.06571995
East Asia & Pacific (excluding high income),,2009,23.76826305
Ecuador,ECU,2009,24.6
Egypt,EGY,2009,20
El Salvador,SLV,2009,12.11
Equatorial Guinea,GNQ,2009,2.13
Eritrea,ERI,2009,0.54
Estonia,EST,2009,72.5
Ethiopia,ETH,2009,0.54
Euro area,,2009,67.11518705
Europe & Central Asia,,2009,50.5657966
Europe & Central Asia (IDA & IBRD),,2009,30.44366631
Europe & Central Asia (excluding high income),,2009,27.73955451
European Union,,2009,67.2146427
Faeroe Islands,FRO,2009,75.18
Fiji,FJI,2009,17
Finland,FIN,2009,82.49
Fragile and conflict affected situations,,2009,3.879269613
France,FRA,2009,71.58
French Polynesia,PYF,2009,44.6
Gabon,GAB,2009,6.7
Gambia,GMB,2009,7.63
Georgia,GEO,2009,20.07
Germany,DEU,2009,79
Ghana,GHA,2009,5.44
Gibraltar,GIB,2009,65.07
Greece,GRC,2009,42.4
Greenland,GRL,2009,62.83
Grenada,GRD,2009,24.05
Guam,GUM,2009,50.64202838
Guatemala,GTM,2009,9.3
Guinea,GIN,2009,0.94
Guinea-Bissau,GNB,2009,2.303280592
Guyana,GUY,2009,23.9
Haiti,HTI,2009,8.1
Heavily indebted poor countries (HIPC),,2009,3.153333335
High income,,2009,70.18510528
Honduras,HND,2009,9.8
Hong Kong,HKG,2009,69.4
Hungary,HUN,2009,62
IBRD only,,2009,20.38891197
IDA & IBRD total,,2009,17.21035701
IDA blend,,2009,12.1844705
IDA only,,2009,3.41230573
IDA total,,2009,6.435718245
Iceland,ISL,2009,93
India,IND,2009,5.12
Indonesia,IDN,2009,6.92
Iran,IRN,2009,13.8
Iraq,IRQ,2009,1.06
Ireland,IRL,2009,67.38
Israel,ISR,2009,63.12
Italy,ITA,2009,48.83
Jamaica,JAM,2009,24.3
Japan,JPN,2009,78
Jordan,JOR,2009,26
Kazakhstan,KAZ,2009,18.2
Kenya,KEN,2009,10.04
Kiribati,KIR,2009,8.97
Kuwait,KWT,2009,50.8
Kyrgyzstan,KGZ,2009,16
Laos,LAO,2009,6
Late-demographic dividend,,2009,30.59873665
Latin America & Caribbean,,2009,31.03430413
Latin America & Caribbean (IDA & IBRD),,2009,31.27015221
Latin America & Caribbean (excluding high income),,2009,30.52083211
Latvia,LVA,2009,66.84
Least developed countries: UN classification,,2009,2.702878735
Lebanon,LBN,2009,30.14
Lesotho,LSO,2009,3.72
Liberia,LBR,2009,2
Libya,LBY,2009,10.8
Liechtenstein,LIE,2009,75
Lithuania,LTU,2009,59.76
Low & middle income,,2009,16.73692172
Low income,,2009,2.366428996
Lower middle income,,2009,8.676226524
Luxembourg,LUX,2009,87.31
Macao,MAC,2009,54
Macedonia,MKD,2009,51.77
Madagascar,MDG,2009,1.63
Malawi,MWI,2009,1.07
Malaysia,MYS,2009,55.9
Maldives,MDV,2009,24.8
Mali,MLI,2009,1.8
Malta,MLT,2009,58.86
Marshall Islands,MHL,2009,5.6
Mauritania,MRT,2009,2.28
Mauritius,MUS,2009,22.51
Mexico,MEX,2009,26.34
Micronesia (country),FSM,2009,15.35
Middle East & North Africa,,2009,21.59770331
Middle East & North Africa (IDA & IBRD),,2009,17.4928668
Middle East & North Africa (excluding high income),,2009,17.67142463
Middle income,,2009,18.24719863
Moldova,MDA,2009,27.5
Monaco,MCO,2009,70.1
Mongolia,MNG,2009,10
Montenegro,MNE,2009,35.1
Morocco,MAR,2009,41.3
Mozambique,MOZ,2009,2.68
Myanmar,MMR,2009,0.22
Namibia,NAM,2009,6.5
Nepal,NPL,2009,1.97
Netherlands,NLD,2009,89.63
New Caledonia,NCL,2009,33.99
New Zealand,NZL,2009,79.7
Nicaragua,NIC,2009,7.3
Niger,NER,2009,0.76
Nigeria,NGA,2009,20
North America,,2009,71.91664651
North Korea,PRK,2009,0
Norway,NOR,2009,92.08
OECD members,,2009,65.32168712
Oman,OMN,2009,26.8
Other small states,,2009,20.88571962
Pacific island small states,,2009,10.87792033
Pakistan,PAK,2009,7.5
Palestine,PSE,2009,32.23
Panama,PAN,2009,39.08
Papua New Guinea,PNG,2009,1.61
Paraguay,PRY,2009,18.9
Peru,PER,2009,31.4
Philippines,PHL,2009,9
Poland,POL,2009,58.97
Portugal,PRT,2009,48.27
Post-demographic dividend,,2009,68.84253724
Pre-demographic dividend,,2009,7.149746509
Puerto Rico,PRI,2009,41.5
Qatar,QAT,2009,53.1
Romania,ROU,2009,36.6
Russia,RUS,2009,29
Rwanda,RWA,2009,7.7
Saint Kitts and Nevis,KNA,2009,55.7
Saint Lucia,LCA,2009,36
Saint Vincent and the Grenadines,VCT,2009,31
Samoa,WSM,2009,6
San Marino,SMR,2009,54.21
Sao Tome and Principe,STP,2009,16.41
Saudi Arabia,SAU,2009,38
Senegal,SEN,2009,7.5
Serbia,SRB,2009,38.1
Sierra Leone,SLE,2009,0.26
Singapore,SGP,2009,69
Slovakia,SVK,2009,70
Slovenia,SVN,2009,64
Small states,,2009,22.48638207
Solomon Islands,SLB,2009,4
Somalia,SOM,2009,1.160610542
South Africa,ZAF,2009,10
South Asia,,2009,5.157112647
South Asia (IDA & IBRD),,2009,5.157112647
South Korea,KOR,2009,81.6
Spain,ESP,2009,62.4
Sri Lanka,LKA,2009,8.78
Sub-Saharan Africa,,2009,6.922015421
Sub-Saharan Africa (IDA & IBRD),,2009,6.922015421
Sub-Saharan Africa (excluding high income),,2009,6.922015421
Suriname,SUR,2009,31.36
Swaziland,SWZ,2009,8.94
Sweden,SWE,2009,91
Switzerland,CHE,2009,81.3
Syria,SYR,2009,17.3
Tajikistan,TJK,2009,10.07
Tanzania,TZA,2009,2.4
Thailand,THA,2009,20.1
Timor,TLS,2009,0.18525151
Togo,TGO,2009,2.6
Tonga,TON,2009,10
Trinidad and Tobago,TTO,2009,44.3
Tunisia,TUN,2009,34.07
Turkey,TUR,2009,36.4
Turkmenistan,TKM,2009,1.95
Tuvalu,TUV,2009,20
Uganda,UGA,2009,9.78
Ukraine,UKR,2009,17.9
United Arab Emirates,ARE,2009,64
United Kingdom,GBR,2009,83.56
United States,USA,2009,71
United States Virgin Islands,VIR,2009,27.39650968
Upper middle income,,2009,28.50199866
Uruguay,URY,2009,41.8
Uzbekistan,UZB,2009,11.9
Vanuatu,VUT,2009,7.5
Venezuela,VEN,2009,32.7
Vietnam,VNM,2009,26.55
World,OWID_WRL,2009,25.75526069
Yemen,YEM,2009,9.96
Zambia,ZMB,2009,6.31
Zimbabwe,ZWE,2009,4
Afghanistan,AFG,2008,1.84
Albania,ALB,2008,23.86
Algeria,DZA,2008,10.18
Andorra,AND,2008,70.04
Angola,AGO,2008,1.9
Antigua and Barbuda,ATG,2008,38
Arab World,,2008,18.59353118
Argentina,ARG,2008,28.11262348
Armenia,ARM,2008,6.21
Aruba,ABW,2008,52
Australia,AUS,2008,71.67
Austria,AUT,2008,72.87
Azerbaijan,AZE,2008,17.08
Bahamas,BHS,2008,31.54
Bahrain,BHR,2008,51.95
Bangladesh,BGD,2008,2.5
Barbados,BRB,2008,61.4
Belarus,BLR,2008,23
Belgium,BEL,2008,66
Belize,BLZ,2008,26.3
Benin,BEN,2008,1.85
Bermuda,BMU,2008,82.3
Bhutan,BTN,2008,6.55
Bolivia,BOL,2008,12.5
Bosnia and Herzegovina,BIH,2008,34.66
Botswana,BWA,2008,6.25
Brazil,BRA,2008,33.83
Brunei,BRN,2008,46
Bulgaria,BGR,2008,39.67
Burkina Faso,BFA,2008,0.92
Burundi,BDI,2008,0.81
Cambodia,KHM,2008,0.51
Cameroon,CMR,2008,3.4
Canada,CAN,2008,76.7
Cape Verde,CPV,2008,14
Caribbean small states,,2008,27.72404741
Cayman Islands,CYM,2008,61
Central African Republic,CAF,2008,1
Central Europe and the Baltics,,2008,50.4833147
Chad,TCD,2008,1.19
Chile,CHL,2008,37.3
China,CHN,2008,22.6
Colombia,COL,2008,25.6
Comoros,COM,2008,3
Congo,COG,2008,4.287509903
Costa Rica,CRI,2008,32.29
Cote d'Ivoire,CIV,2008,1.9
Croatia,HRV,2008,44.24
Cuba,CUB,2008,12.94
Cyprus,CYP,2008,42.31
Czech Republic,CZE,2008,62.97
Democratic Republic of Congo,COD,2008,0.44
Denmark,DNK,2008,85.02
Djibouti,DJI,2008,2.26
Dominica,DMA,2008,41.16
Dominican Republic,DOM,2008,20.82
Early-demographic dividend,,2008,8.51512561
East Asia & Pacific,,2008,25.25292651
East Asia & Pacific (IDA & IBRD),,2008,19.50112271
East Asia & Pacific (excluding high income),,2008,19.25942049
Ecuador,ECU,2008,18.8
Egypt,EGY,2008,18.01
El Salvador,SLV,2008,10.08
Equatorial Guinea,GNQ,2008,1.82
Eritrea,ERI,2008,0.47
Estonia,EST,2008,70.58
Ethiopia,ETH,2008,0.45
Euro area,,2008,64.8239515
Europe & Central Asia,,2008,47.35737836
Europe & Central Asia (IDA & IBRD),,2008,26.64793977
Europe & Central Asia (excluding high income),,2008,24.12924842
European Union,,2008,64.18913689
Faeroe Islands,FRO,2008,75.57
Fiji,FJI,2008,13
Finland,FIN,2008,83.67
Fragile and conflict affected situations,,2008,2.989970615
France,FRA,2008,70.68
French Polynesia,PYF,2008,33.87
Gabon,GAB,2008,6.21
Gambia,GMB,2008,6.88
Georgia,GEO,2008,10.01
Germany,DEU,2008,78
Ghana,GHA,2008,4.27
Gibraltar,GIB,2008,58
Greece,GRC,2008,38.2
Greenland,GRL,2008,62.82
Grenada,GRD,2008,23.18
Guam,GUM,2008,48.41870215
Guatemala,GTM,2008,8.3
Guinea,GIN,2008,0.92
Guinea-Bissau,GNB,2008,2.354888711
Guyana,GUY,2008,18.2
Haiti,HTI,2008,7.6
Heavily indebted poor countries (HIPC),,2008,2.527283286
High income,,2008,68.97360489
Honduras,HND,2008,9.6
Hong Kong,HKG,2008,66.7
Hungary,HUN,2008,61
IBRD only,,2008,17.02608751
IDA & IBRD total,,2008,14.37762483
IDA blend,,2008,10.14810924
IDA only,,2008,2.733550552
IDA total,,2008,5.289793583
Iceland,ISL,2008,91
India,IND,2008,4.38
Indonesia,IDN,2008,7.917479385
Iran,IRN,2008,12.02
Iraq,IRQ,2008,1
Ireland,IRL,2008,65.34
Israel,ISR,2008,59.39
Italy,ITA,2008,44.53
Jamaica,JAM,2008,23.6
Japan,JPN,2008,75.4
Jordan,JOR,2008,23
Kazakhstan,KAZ,2008,11
Kenya,KEN,2008,8.67
Kiribati,KIR,2008,7
Kuwait,KWT,2008,42
Kyrgyzstan,KGZ,2008,15.7
Laos,LAO,2008,3.55
Late-demographic dividend,,2008,25.19966247
Latin America & Caribbean,,2008,26.50047906
Latin America & Caribbean (IDA & IBRD),,2008,26.66732789
Latin America & Caribbean (excluding high income),,2008,25.96640769
Latvia,LVA,2008,63.41
Least developed countries: UN classification,,2008,2.12051468
Lebanon,LBN,2008,22.53
Lesotho,LSO,2008,3.58
Liberia,LBR,2008,0.53
Libya,LBY,2008,9
Liechtenstein,LIE,2008,70
Lithuania,LTU,2008,55.22
Low & middle income,,2008,13.93950914
Low income,,2008,1.869947827
Lower middle income,,2008,7.388538318
Luxembourg,LUX,2008,82.23
Macao,MAC,2008,49.24
Macedonia,MKD,2008,46.04
Madagascar,MDG,2008,1.65
Malawi,MWI,2008,0.7
Malaysia,MYS,2008,55.8
Maldives,MDV,2008,23.2
Mali,MLI,2008,1.57
Malta,MLT,2008,50.08
Marshall Islands,MHL,2008,4.6
Mauritania,MRT,2008,1.87
Mauritius,MUS,2008,21.81
Mexico,MEX,2008,21.71
Micronesia (country),FSM,2008,14.49
Middle East & North Africa,,2008,18.73683788
Middle East & North Africa (IDA & IBRD),,2008,14.85277889
Middle East & North Africa (excluding high income),,2008,14.96713748
Middle income,,2008,15.1920413
Moldova,MDA,2008,23.39
Monaco,MCO,2008,67.25
Mongolia,MNG,2008,9.8
Montenegro,MNE,2008,32.9
Morocco,MAR,2008,33.1
Mozambique,MOZ,2008,1.56
Myanmar,MMR,2008,0.22
Namibia,NAM,2008,5.329003772
Nepal,NPL,2008,1.73
Netherlands,NLD,2008,87.42
New Caledonia,NCL,2008,34.51
New Zealand,NZL,2008,72.03
Nicaragua,NIC,2008,5.3
Niger,NER,2008,0.7
Nigeria,NGA,2008,15.86
North America,,2008,74.26650299
North Korea,PRK,2008,0
Norway,NOR,2008,90.57
OECD members,,2008,63.91264904
Oman,OMN,2008,20
Other small states,,2008,18.91716643
Pacific island small states,,2008,8.69695568
Pakistan,PAK,2008,7
Palestine,PSE,2008,24.358
Panama,PAN,2008,33.82
Papua New Guinea,PNG,2008,1.15
Paraguay,PRY,2008,14.27
Peru,PER,2008,30.57
Philippines,PHL,2008,6.22
Poland,POL,2008,53.13
Portugal,PRT,2008,44.13
Post-demographic dividend,,2008,67.6511373
Pre-demographic dividend,,2008,5.746635821
Puerto Rico,PRI,2008,38
Qatar,QAT,2008,44.3
Romania,ROU,2008,32.42
Russia,RUS,2008,26.83
Rwanda,RWA,2008,4.5
Saint Kitts and Nevis,KNA,2008,49.2
Saint Lucia,LCA,2008,32
Saint Vincent and the Grenadines,VCT,2008,21
Samoa,WSM,2008,5.031615316
San Marino,SMR,2008,54.52
Sao Tome and Principe,STP,2008,15.48
Saudi Arabia,SAU,2008,36
Senegal,SEN,2008,7.12
Serbia,SRB,2008,35.6
Seychelles,SYC,2008,40.44
Sierra Leone,SLE,2008,0.25
Singapore,SGP,2008,69
Slovakia,SVK,2008,66.05
Slovenia,SVN,2008,58
Small states,,2008,20.06902383
Solomon Islands,SLB,2008,3
Somalia,SOM,2008,1.142687372
South Africa,ZAF,2008,8.43
South Asia,,2008,4.416823408
South Asia (IDA & IBRD),,2008,4.416823408
South Korea,KOR,2008,81
Spain,ESP,2008,59.6
Sri Lanka,LKA,2008,5.8
Sub-Saharan Africa,,2008,5.616740719
Sub-Saharan Africa (IDA & IBRD),,2008,5.616740719
Sub-Saharan Africa (excluding high income),,2008,5.612712778
Suriname,SUR,2008,21.06
Swaziland,SWZ,2008,6.85
Sweden,SWE,2008,90
Switzerland,CHE,2008,79.2
Syria,SYR,2008,14
Tajikistan,TJK,2008,8.78
Tanzania,TZA,2008,1.9
Thailand,THA,2008,18.2
Timor,TLS,2008,0.163876816
Togo,TGO,2008,2.4
Tonga,TON,2008,8.110769944
Trinidad and Tobago,TTO,2008,34.8
Tunisia,TUN,2008,27.53
Turkey,TUR,2008,34.37
Turkmenistan,TKM,2008,1.75
Tuvalu,TUV,2008,15
Uganda,UGA,2008,7.9
Ukraine,UKR,2008,11
United Arab Emirates,ARE,2008,63
United Kingdom,GBR,2008,78.39
United States,USA,2008,74
United States Virgin Islands,VIR,2008,27.36177742
Upper middle income,,2008,23.4930027
Uruguay,URY,2008,39.3
Uzbekistan,UZB,2008,9.080114523
Vanuatu,VUT,2008,7.269119923
Venezuela,VEN,2008,25.88
Vietnam,VNM,2008,23.92
World,OWID_WRL,2008,23.26467234
Yemen,YEM,2008,6.89
Zambia,ZMB,2008,5.55
Zimbabwe,ZWE,2008,3.5
Afghanistan,AFG,2007,1.9
Albania,ALB,2007,15.03611541
Algeria,DZA,2007,9.451190626
Andorra,AND,2007,70.87
Angola,AGO,2007,1.7
Antigua and Barbuda,ATG,2007,34
Arab World,,2007,14.20590224
Argentina,ARG,2007,25.94663294
Armenia,ARM,2007,6.021253397
Aruba,ABW,2007,30.9
Australia,AUS,2007,69.45
Austria,AUT,2007,69.37
Azerbaijan,AZE,2007,14.54
Bahamas,BHS,2007,27
Bahrain,BHR,2007,32.91
Bangladesh,BGD,2007,1.8
Barbados,BRB,2007,58.2
Belarus,BLR,2007,19.7
Belgium,BEL,2007,64.44
Belize,BLZ,2007,24.6
Benin,BEN,2007,1.79
Bermuda,BMU,2007,74.35059403
Bhutan,BTN,2007,5.92
Bolivia,BOL,2007,10.49924432
Bosnia and Herzegovina,BIH,2007,27.92
Botswana,BWA,2007,5.28
Brazil,BRA,2007,30.88
Brunei,BRN,2007,44.68
Bulgaria,BGR,2007,33.64
Burkina Faso,BFA,2007,0.75
Burundi,BDI,2007,0.7
Cambodia,KHM,2007,0.49
Cameroon,CMR,2007,2.93
Canada,CAN,2007,73.2
Cape Verde,CPV,2007,8.28321982
Caribbean small states,,2007,24.4938787
Cayman Islands,CYM,2007,52
Central African Republic,CAF,2007,0.375815961
Central Europe and the Baltics,,2007,45.11428149
Chad,TCD,2007,0.847224521
Chile,CHL,2007,35.9
China,CHN,2007,16
Colombia,COL,2007,21.8
Comoros,COM,2007,2.5
Congo,COG,2007,2.759704374
Costa Rica,CRI,2007,28.4
Cote d'Ivoire,CIV,2007,1.8
Croatia,HRV,2007,41.44
Cuba,CUB,2007,11.69
Cyprus,CYP,2007,40.77
Czech Republic,CZE,2007,51.93
Democratic Republic of Congo,COD,2007,0.37
Denmark,DNK,2007,85.03
Djibouti,DJI,2007,1.62
Dominica,DMA,2007,40.27446301
Dominican Republic,DOM,2007,17.66
Early-demographic dividend,,2007,7.349261153
East Asia & Pacific,,2007,20.76611474
East Asia & Pacific (IDA & IBRD),,2007,14.56319688
East Asia & Pacific (excluding high income),,2007,14.38223568
Ecuador,ECU,2007,10.8
Egypt,EGY,2007,16.03
El Salvador,SLV,2007,6.11
Equatorial Guinea,GNQ,2007,1.557123059
Eritrea,ERI,2007,0.41
Estonia,EST,2007,66.19
Ethiopia,ETH,2007,0.37
Euro area,,2007,61.36466359
Europe & Central Asia,,2007,43.67340173
Europe & Central Asia (IDA & IBRD),,2007,23.05912683
Europe & Central Asia (excluding high income),,2007,20.62189979
European Union,,2007,60.29527801
Faeroe Islands,FRO,2007,75.98
Fiji,FJI,2007,10.89783105
Finland,FIN,2007,80.78
Fragile and conflict affected situations,,2007,3.06826837
France,FRA,2007,66.09
French Polynesia,PYF,2007,28.59
Gabon,GAB,2007,5.767004576
Gambia,GMB,2007,6.205037419
Georgia,GEO,2007,8.26
Germany,DEU,2007,75.16
Ghana,GHA,2007,3.85
Gibraltar,GIB,2007,51.61
Greece,GRC,2007,35.88
Greenland,GRL,2007,61.07
Grenada,GRD,2007,22.29
Guam,GUM,2007,46.15047362
Guatemala,GTM,2007,7.3
Guinea,GIN,2007,0.780025279
Guinea-Bissau,GNB,2007,2.206302237
Guyana,GUY,2007,13.8
Haiti,HTI,2007,7.2
Heavily indebted poor countries (HIPC),,2007,2.42662065
High income,,2007,66.88350766
Honduras,HND,2007,9.4
Hong Kong,HKG,2007,64.8
Hungary,HUN,2007,53.3
IBRD only,,2007,13.79782553
IDA & IBRD total,,2007,11.51427846
IDA blend,,2007,6.673383483
IDA only,,2007,2.410415284
IDA total,,2007,3.834249105
Iceland,ISL,2007,90.6
India,IND,2007,3.95
Indonesia,IDN,2007,5.786274729
Iran,IRN,2007,9.47
Iraq,IRQ,2007,0.93
Ireland,IRL,2007,61.15832455
Israel,ISR,2007,48.12806219
Italy,ITA,2007,40.79
Jamaica,JAM,2007,21.1
Japan,JPN,2007,74.3
Jordan,JOR,2007,20
Kazakhstan,KAZ,2007,4.02
Kenya,KEN,2007,7.95
Kiribati,KIR,2007,6
Kuwait,KWT,2007,34.8
Kyrgyzstan,KGZ,2007,14.03
Laos,LAO,2007,1.64
Late-demographic dividend,,2007,19.97998484
Latin America & Caribbean,,2007,23.70293508
Latin America & Caribbean (IDA & IBRD),,2007,23.89436944
Latin America & Caribbean (excluding high income),,2007,23.1934153
Latvia,LVA,2007,59.17
Least developed countries: UN classification,,2007,1.921851087
Lebanon,LBN,2007,18.74
Lesotho,LSO,2007,3.44543126
Liberia,LBR,2007,0.551376581
Libya,LBY,2007,4.721999379
Liechtenstein,LIE,2007,65.08021844
Lithuania,LTU,2007,49.9
Low & middle income,,2007,11.09865076
Low income,,2007,1.359597756
Lower middle income,,2007,5.883079048
Luxembourg,LUX,2007,78.92
Macao,MAC,2007,47.327
Macedonia,MKD,2007,36.3
Madagascar,MDG,2007,0.65
Malawi,MWI,2007,0.965864737
Malaysia,MYS,2007,55.7
Maldives,MDV,2007,16.3
Mali,MLI,2007,0.81
Malta,MLT,2007,46.9
Marshall Islands,MHL,2007,3.95
Mauritania,MRT,2007,1.433613196
Mauritius,MUS,2007,20.22
Mexico,MEX,2007,20.81
Micronesia (country),FSM,2007,13.62113273
Middle East & North Africa,,2007,15.04136038
Middle East & North Africa (IDA & IBRD),,2007,11.73540205
Middle East & North Africa (excluding high income),,2007,11.84823861
Middle income,,2007,12.09257547
Moldova,MDA,2007,20.45
Monaco,MCO,2007,64.3776824
Mongolia,MNG,2007,9
Montenegro,MNE,2007,30.8
Morocco,MAR,2007,21.5
Mozambique,MOZ,2007,0.91
Myanmar,MMR,2007,0.217128445
Namibia,NAM,2007,4.835610778
Nepal,NPL,2007,1.41
Netherlands,NLD,2007,85.82
New Caledonia,NCL,2007,35.05
New Zealand,NZL,2007,69.76
Nicaragua,NIC,2007,3.9
Niger,NER,2007,0.39039062
Nigeria,NGA,2007,6.77
North America,,2007,74.82360509
North Korea,PRK,2007,0
Norway,NOR,2007,86.93
OECD members,,2007,61.87614113
Oman,OMN,2007,16.68
Other small states,,2007,16.39134864
Pacific island small states,,2007,7.397865573
Pakistan,PAK,2007,6.8
Palestine,PSE,2007,21.176
Panama,PAN,2007,22.29
Papua New Guinea,PNG,2007,1.790559361
Paraguay,PRY,2007,11.21
Peru,PER,2007,25.2
Philippines,PHL,2007,5.97
Poland,POL,2007,48.6
Portugal,PRT,2007,42.09
Post-demographic dividend,,2007,65.66937409
Pre-demographic dividend,,2007,3.524059456
Puerto Rico,PRI,2007,27.86
Qatar,QAT,2007,37
Romania,ROU,2007,28.3
Russia,RUS,2007,24.66
Rwanda,RWA,2007,2.115387178
Saint Kitts and Nevis,KNA,2007,43.5
Saint Lucia,LCA,2007,27.9
Saint Vincent and the Grenadines,VCT,2007,16
Samoa,WSM,2007,4.749983235
San Marino,SMR,2007,50.36482211
Sao Tome and Principe,STP,2007,14.5904832
Saudi Arabia,SAU,2007,30
Senegal,SEN,2007,6.89
Serbia,SRB,2007,33.15
Seychelles,SYC,2007,38.38
Sierra Leone,SLE,2007,0.239834699
Singapore,SGP,2007,69.9
Slovakia,SVK,2007,61.8
Slovenia,SVN,2007,56.74
Small states,,2007,17.49552325
Solomon Islands,SLB,2007,2
Somalia,SOM,2007,1.122235622
South Africa,ZAF,2007,8.065375174
South Asia,,2007,3.973400118
South Asia (IDA & IBRD),,2007,3.973400118
South Korea,KOR,2007,78.8
Spain,ESP,2007,55.11
Sri Lanka,LKA,2007,3.88
Sub-Saharan Africa,,2007,3.670158994
Sub-Saharan Africa (IDA & IBRD),,2007,3.670158994
Sub-Saharan Africa (excluding high income),,2007,3.666278757
Sudan,SDN,2007,8.66
Suriname,SUR,2007,14.11
Swaziland,SWZ,2007,4.1
Sweden,SWE,2007,82.01
Switzerland,CHE,2007,77.2
Syria,SYR,2007,11.5
Tajikistan,TJK,2007,7.197619518
Tanzania,TZA,2007,1.6
Thailand,THA,2007,20.03
Timor,TLS,2007,0.140958764
Togo,TGO,2007,2.2
Tonga,TON,2007,7.179865329
Trinidad and Tobago,TTO,2007,32.3
Tunisia,TUN,2007,17.1
Turkey,TUR,2007,28.63
Turkmenistan,TKM,2007,1.406360688
Tuvalu,TUV,2007,10
Uganda,UGA,2007,3.671965351
Ukraine,UKR,2007,6.55
United Arab Emirates,ARE,2007,61
United Kingdom,GBR,2007,75.09
United States,USA,2007,75
United States Virgin Islands,VIR,2007,27.33933584
Upper middle income,,2007,18.75267674
Uruguay,URY,2007,34
Uzbekistan,UZB,2007,7.490604681
Vanuatu,VUT,2007,6.8
Venezuela,VEN,2007,20.83
Vietnam,VNM,2007,20.75544477
World,OWID_WRL,2007,20.53349446
Yemen,YEM,2007,5.01
Zambia,ZMB,2007,4.87
Zimbabwe,ZWE,2007,3
Afghanistan,AFG,2006,2.107123645
Albania,ALB,2006,9.609991316
Algeria,DZA,2006,7.375984956
Andorra,AND,2006,48.936847
Angola,AGO,2006,1.5
Antigua and Barbuda,ATG,2006,30
Arab World,,2006,11.65464791
Argentina,ARG,2006,20.9272021
Armenia,ARM,2006,5.631787777
Aruba,ABW,2006,28
Australia,AUS,2006,66
Austria,AUT,2006,63.6
Azerbaijan,AZE,2006,11.99217733
Bahamas,BHS,2006,26
Bahrain,BHR,2006,28.24395243
Bangladesh,BGD,2006,1
Barbados,BRB,2006,55.3
Belarus,BLR,2006,16.2
Belgium,BEL,2006,59.72
Belize,BLZ,2006,24
Benin,BEN,2006,1.537854346
Bermuda,BMU,2006,69.89965516
Bhutan,BTN,2006,4.518317258
Bolivia,BOL,2006,6.200671255
Bosnia and Herzegovina,BIH,2006,25.12238569
Botswana,BWA,2006,4.289932975
Brazil,BRA,2006,28.17838018
Brunei,BRN,2006,42.18634916
Bulgaria,BGR,2006,27.09
Burkina Faso,BFA,2006,0.632707564
Burundi,BDI,2006,0.65759259
Cambodia,KHM,2006,0.46835672
Cameroon,CMR,2006,2.028744791
Canada,CAN,2006,72.4
Cape Verde,CPV,2006,6.808911008
Caribbean small states,,2006,22.34485257
Cayman Islands,CYM,2006,44.5
Central African Republic,CAF,2006,0.311159173
Central Europe and the Baltics,,2006,40.65876375
Chad,TCD,2006,0.581045764
Chile,CHL,2006,34.49775117
China,CHN,2006,10.52315262
Colombia,COL,2006,15.34167454
Comoros,COM,2006,2.2
Congo,COG,2006,2.007990079
Costa Rica,CRI,2006,25.1
Cote d'Ivoire,CIV,2006,1.524900791
Croatia,HRV,2006,37.98
Cuba,CUB,2006,11.15960131
Cyprus,CYP,2006,35.83
Czech Republic,CZE,2006,47.93
Democratic Republic of Congo,COD,2006,0.29605361
Denmark,DNK,2006,86.65
Djibouti,DJI,2006,1.270041159
Dominica,DMA,2006,39.3981743
Dominican Republic,DOM,2006,14.84492837
Early-demographic dividend,,2006,5.783498059
East Asia & Pacific,,2006,16.6176467
East Asia & Pacific (IDA & IBRD),,2006,10.30222372
East Asia & Pacific (excluding high income),,2006,10.17376939
Ecuador,ECU,2006,7.2
Egypt,EGY,2006,13.66
El Salvador,SLV,2006,5.5
Equatorial Guinea,GNQ,2006,1.279193596
Estonia,EST,2006,63.51
Ethiopia,ETH,2006,0.310592657
Euro area,,2006,54.91930454
Europe & Central Asia,,2006,38.08272026
Europe & Central Asia (IDA & IBRD),,2006,17.8307096
Europe & Central Asia (excluding high income),,2006,15.27049928
European Union,,2006,54.54631442
Faeroe Islands,FRO,2006,69.35944512
Fiji,FJI,2006,9.6000384
Finland,FIN,2006,79.66
Fragile and conflict affected situations,,2006,1.891137518
France,FRA,2006,46.87
French Polynesia,PYF,2006,25.10796425
Gabon,GAB,2006,5.489200803
Gambia,GMB,2006,5.237691158
Georgia,GEO,2006,7.526876845
Germany,DEU,2006,72.16
Ghana,GHA,2006,2.723175973
Gibraltar,GIB,2006,45.29864751
Greece,GRC,2006,32.25
Greenland,GRL,2006,59.36168727
Grenada,GRD,2006,21.39599117
Guam,GUM,2006,43.851443
Guatemala,GTM,2006,6.5
Guinea,GIN,2006,0.637492123
Guinea-Bissau,GNB,2006,2.057196705
Haiti,HTI,2006,6.796000481
Heavily indebted poor countries (HIPC),,2006,1.557895614
High income,,2006,61.46633706
Honduras,HND,2006,7.8
Hong Kong,HKG,2006,60.8
Hungary,HUN,2006,47.06
IBRD only,,2006,10.57053088
IDA & IBRD total,,2006,8.928742396
IDA blend,,2006,5.936691559
IDA only,,2006,1.505880081
IDA total,,2006,3.053337376
Iceland,ISL,2006,89.51
India,IND,2006,2.805499865
Indonesia,IDN,2006,4.764813134
Iran,IRN,2006,8.76
Iraq,IRQ,2006,0.952344244
Ireland,IRL,2006,54.82
Israel,ISR,2006,27.88107446
Italy,ITA,2006,37.99
Jamaica,JAM,2006,16.4
Japan,JPN,2006,68.68527032
Jordan,JOR,2006,13.86710879
Kazakhstan,KAZ,2006,3.268369051
Kenya,KEN,2006,7.53378972
Kiribati,KIR,2006,4.5
Kuwait,KWT,2006,28.79119795
Kyrgyzstan,KGZ,2006,12.306907
Laos,LAO,2006,1.169893428
Late-demographic dividend,,2006,15.14196494
Latin America & Caribbean,,2006,20.75263406
Latin America & Caribbean (IDA & IBRD),,2006,20.89217131
Latin America & Caribbean (excluding high income),,2006,20.1969995
Latvia,LVA,2006,53.63
Least developed countries: UN classification,,2006,1.116692751
Lebanon,LBN,2006,15
Lesotho,LSO,2006,2.979708187
Libya,LBY,2006,4.301051789
Liechtenstein,LIE,2006,64.21416136
Lithuania,LTU,2006,43.9
Low & middle income,,2006,8.527959732
Low income,,2006,1.135463094
Lower middle income,,2006,4.644851665
Luxembourg,LUX,2006,72.51
Macao,MAC,2006,46.4
Macedonia,MKD,2006,28.62
Madagascar,MDG,2006,0.607552239
Malawi,MWI,2006,0.42513749
Malaysia,MYS,2006,51.63798899
Maldives,MDV,2006,11.03635278
Mali,MLI,2006,0.729627281
Malta,MLT,2006,40.41
Marshall Islands,MHL,2006,3.795590214
Mauritania,MRT,2006,0.979661253
Mauritius,MUS,2006,16.7
Mexico,MEX,2006,19.52
Micronesia (country),FSM,2006,12.75033925
Middle East & North Africa,,2006,11.79240225
Middle East & North Africa (IDA & IBRD),,2006,9.810043371
Middle East & North Africa (excluding high income),,2006,9.912249749
Middle income,,2006,9.257270692
Moldova,MDA,2006,19.62064771
Monaco,MCO,2006,61.47603971
Montenegro,MNE,2006,28.9
Morocco,MAR,2006,19.77119157
Mozambique,MOZ,2006,0.842954488
Myanmar,MMR,2006,0.182048331
Namibia,NAM,2006,4.398870647
Nepal,NPL,2006,1.141389164
Netherlands,NLD,2006,83.7
New Caledonia,NCL,2006,33.51571468
New Zealand,NZL,2006,69
Nicaragua,NIC,2006,2.805573063
Niger,NER,2006,0.294033977
Nigeria,NGA,2006,5.545036083
North America,,2006,69.27045383
North Korea,PRK,2006,0
Norway,NOR,2006,82.55
OECD members,,2006,56.60755682
Oman,OMN,2006,8.299716673
Other small states,,2006,14.53679537
Pacific island small states,,2006,6.498386173
Pakistan,PAK,2006,6.5
Palestine,PSE,2006,18.41
Panama,PAN,2006,17.34956617
Papua New Guinea,PNG,2006,1.754487261
Paraguay,PRY,2006,7.962073884
Peru,PER,2006,20.7
Philippines,PHL,2006,5.740586325
Poland,POL,2006,44.58
Portugal,PRT,2006,38.01
Post-demographic dividend,,2006,60.42210072
Pre-demographic dividend,,2006,2.716785191
Puerto Rico,PRI,2006,25.44241821
Qatar,QAT,2006,28.97411271
Romania,ROU,2006,24.66
Russia,RUS,2006,18.02327746
Saint Kitts and Nevis,KNA,2006,38.5
Saint Lucia,LCA,2006,24.5
Saint Vincent and the Grenadines,VCT,2006,12
Samoa,WSM,2006,4.469173873
San Marino,SMR,2006,50.20865936
Sao Tome and Principe,STP,2006,14.18201978
Saudi Arabia,SAU,2006,19.45955435
Senegal,SEN,2006,5.611738652
Serbia,SRB,2006,27.2
Seychelles,SYC,2006,34.95197117
Sierra Leone,SLE,2006,0.227669467
Singapore,SGP,2006,59
Slovakia,SVK,2006,56.08
Slovenia,SVN,2006,54.01
Small states,,2006,15.4979286
Solomon Islands,SLB,2006,1.646347989
Somalia,SOM,2006,1.100216368
South Africa,ZAF,2006,7.607139675
South Asia,,2006,2.983348307
South Asia (IDA & IBRD),,2006,2.983348307
South Korea,KOR,2006,78.1
Spain,ESP,2006,50.37
Sri Lanka,LKA,2006,2.537566129
Sub-Saharan Africa,,2006,2.925828755
Sub-Saharan Africa (IDA & IBRD),,2006,2.925828755
Sub-Saharan Africa (excluding high income),,2006,2.921900593
Suriname,SUR,2006,9.499626942
Swaziland,SWZ,2006,3.696538789
Sweden,SWE,2006,87.76
Switzerland,CHE,2006,75.7
Syria,SYR,2006,7.832551569
Tajikistan,TJK,2006,3.772406207
Tanzania,TZA,2006,1.3
Thailand,THA,2006,17.16071472
Timor,TLS,2006,0.116628277
Togo,TGO,2006,2
Tonga,TON,2006,5.853944095
Trinidad and Tobago,TTO,2006,30.00374858
Tunisia,TUN,2006,12.98640865
Turkey,TUR,2006,18.24
Turkmenistan,TKM,2006,1.319573118
Uganda,UGA,2006,2.529363038
Ukraine,UKR,2006,4.506124564
United Arab Emirates,ARE,2006,52
United Kingdom,GBR,2006,68.82
United States,USA,2006,68.93119327
United States Virgin Islands,VIR,2006,27.33261054
Upper middle income,,2006,14.08811793
Uruguay,URY,2006,29.4
Uzbekistan,UZB,2006,6.388321967
Vanuatu,VUT,2006,5.850585059
Venezuela,VEN,2006,15.22471148
Vietnam,VNM,2006,17.25456172
World,OWID_WRL,2006,17.6040061
Yemen,YEM,2006,1.247824049
Zambia,ZMB,2006,4.159913394
Zimbabwe,ZWE,2006,2.4
Afghanistan,AFG,2005,1.224148084
Albania,ALB,2005,6.043890864
Algeria,DZA,2005,5.843942092
Andorra,AND,2005,37.60576622
Angola,AGO,2005,1.143366827
Antigua and Barbuda,ATG,2005,27
Arab World,,2005,8.393141725
Argentina,ARG,2005,17.72058337
Armenia,ARM,2005,5.252983352
Aruba,ABW,2005,25.4
Australia,AUS,2005,63
Austria,AUT,2005,58
Azerbaijan,AZE,2005,8.030375356
Bahamas,BHS,2005,25
Bahrain,BHR,2005,21.30373351
Bangladesh,BGD,2005,0.241637326
Barbados,BRB,2005,52.5
Belgium,BEL,2005,55.82
Belize,BLZ,2005,17
Benin,BEN,2005,1.271031439
Bermuda,BMU,2005,65.44706579
Bhutan,BTN,2005,3.847106745
Bolivia,BOL,2005,5.227583957
Bosnia and Herzegovina,BIH,2005,21.326701
Botswana,BWA,2005,3.262554036
Brazil,BRA,2005,21.02274725
Brunei,BRN,2005,36.46639195
Bulgaria,BGR,2005,19.97
Burkina Faso,BFA,2005,0.469914489
Burundi,BDI,2005,0.542142866
Cambodia,KHM,2005,0.317321781
Cameroon,CMR,2005,1.402654226
Canada,CAN,2005,71.66
Cape Verde,CPV,2005,6.074087107
Caribbean small states,,2005,19.48895869
Cayman Islands,CYM,2005,38.03438308
Central African Republic,CAF,2005,0.268195609
Central Europe and the Baltics,,2005,34.64729322
Chad,TCD,2005,0.3992577
Chile,CHL,2005,31.17534703
China,CHN,2005,8.523257003
Colombia,COL,2005,11.00726389
Comoros,COM,2005,2
Congo,COG,2005,1.46342006
Costa Rica,CRI,2005,22.07
Cote d'Ivoire,CIV,2005,1.039238205
Croatia,HRV,2005,33.14
Cuba,CUB,2005,9.738062208
Cyprus,CYP,2005,32.81
Czech Republic,CZE,2005,35.27
Democratic Republic of Congo,COD,2005,0.238037799
Denmark,DNK,2005,82.74
Djibouti,DJI,2005,0.953611449
Dominica,DMA,2005,38.54364326
Dominican Republic,DOM,2005,11.48319778
Early-demographic dividend,,2005,4.895428367
East Asia & Pacific,,2005,14.66635904
East Asia & Pacific (IDA & IBRD),,2005,8.424335728
East Asia & Pacific (excluding high income),,2005,8.319143451
Ecuador,ECU,2005,5.994255161
Egypt,EGY,2005,12.75
El Salvador,SLV,2005,4.2
Equatorial Guinea,GNQ,2005,1.149789671
Estonia,EST,2005,61.45
Ethiopia,ETH,2005,0.219659819
Euro area,,2005,51.24401839
Europe & Central Asia,,2005,35.22610797
Europe & Central Asia (IDA & IBRD),,2005,15.04820762
Europe & Central Asia (excluding high income),,2005,12.71155732
European Union,,2005,50.9720859
Faeroe Islands,FRO,2005,67.90263174
Fiji,FJI,2005,8.453636634
Finland,FIN,2005,74.48
Fragile and conflict affected situations,,2005,1.478161836
France,FRA,2005,42.87
French Polynesia,PYF,2005,21.54218547
Gabon,GAB,2005,4.89326475
Gambia,GMB,2005,3.799001139
Georgia,GEO,2005,6.079457629
Germany,DEU,2005,68.71
Ghana,GHA,2005,1.831197461
Gibraltar,GIB,2005,39.07013088
Greece,GRC,2005,24
Greenland,GRL,2005,57.7034045
Grenada,GRD,2005,20.48780488
Guam,GUM,2005,38.55987756
Guatemala,GTM,2005,5.7
Guinea,GIN,2005,0.542254181
Guinea-Bissau,GNB,2005,1.901365316
Haiti,HTI,2005,6.376201635
Heavily indebted poor countries (HIPC),,2005,1.213447385
High income,,2005,58.77511064
Honduras,HND,2005,6.5
Hong Kong,HKG,2005,56.9
Hungary,HUN,2005,38.97
IBRD only,,2005,8.72443087
IDA & IBRD total,,2005,7.267193898
IDA blend,,2005,4.519465473
IDA only,,2005,1.044376164
IDA total,,2005,2.211000325
Iceland,ISL,2005,87
India,IND,2005,2.388075
Indonesia,IDN,2005,3.602024763
Iran,IRN,2005,8.1
Iraq,IRQ,2005,0.9
Ireland,IRL,2005,41.61
Israel,ISR,2005,25.19404242
Italy,ITA,2005,35
Jamaica,JAM,2005,12.8
Japan,JPN,2005,66.9210661
Jordan,JOR,2005,12.93285205
Kazakhstan,KAZ,2005,2.961707492
Kenya,KEN,2005,3.101897702
Kiribati,KIR,2005,4
Kuwait,KWT,2005,25.92610837
Kyrgyzstan,KGZ,2005,10.53380134
Laos,LAO,2005,0.85035749
Late-demographic dividend,,2005,12.29309792
Latin America & Caribbean,,2005,16.62978984
Latin America & Caribbean (IDA & IBRD),,2005,16.69721392
Latin America & Caribbean (excluding high income),,2005,16.0539116
Latvia,LVA,2005,46
Least developed countries: UN classification,,2005,0.783962452
Lebanon,LBN,2005,10.14
Lesotho,LSO,2005,2.580245484
Libya,LBY,2005,3.917787977
Liechtenstein,LIE,2005,63.37135615
Lithuania,LTU,2005,36.22
Low & middle income,,2005,6.91393249
Low income,,2005,0.910523758
Lower middle income,,2005,3.678297926
Luxembourg,LUX,2005,70
Macao,MAC,2005,34.86292717
Macedonia,MKD,2005,26.45
Madagascar,MDG,2005,0.567721802
Malawi,MWI,2005,0.384489334
Malaysia,MYS,2005,48.62917025
Maldives,MDV,2005,6.869605067
Mali,MLI,2005,0.507063136
Malta,MLT,2005,41.24
Marshall Islands,MHL,2005,3.878702398
Mauritania,MRT,2005,0.669966475
Mauritius,MUS,2005,15.17222875
Mexico,MEX,2005,17.21
Micronesia (country),FSM,2005,11.8813691
Middle East & North Africa,,2005,9.753068168
Middle East & North Africa (IDA & IBRD),,2005,8.449838595
Middle East & North Africa (excluding high income),,2005,8.539218727
Middle income,,2005,7.508455117
Moldova,MDA,2005,14.63027046
Monaco,MCO,2005,55.46482606
Montenegro,MNE,2005,27.1
Morocco,MAR,2005,15.08444452
Mozambique,MOZ,2005,0.854357118
Myanmar,MMR,2005,0.065238856
Namibia,NAM,2005,4.010046644
Nepal,NPL,2005,0.826551266
Netherlands,NLD,2005,81
New Caledonia,NCL,2005,32.35901475
New Zealand,NZL,2005,62.72021237
Nicaragua,NIC,2005,2.566351177
Niger,NER,2005,0.221341351
Nigeria,NGA,2005,3.549155718
North America,,2005,68.32787479
North Korea,PRK,2005,0
Norway,NOR,2005,81.99
OECD members,,2005,54.14682857
Oman,OMN,2005,6.68358142
Other small states,,2005,13.15172829
Pacific island small states,,2005,5.582895212
Pakistan,PAK,2005,6.332329098
Palestine,PSE,2005,16.005
Panama,PAN,2005,11.48400928
Papua New Guinea,PNG,2005,1.716190476
Paraguay,PRY,2005,7.907007861
Peru,PER,2005,17.1
Philippines,PHL,2005,5.397636329
Poland,POL,2005,38.81
Portugal,PRT,2005,34.99
Post-demographic dividend,,2005,58.50392997
Pre-demographic dividend,,2005,1.727029633
Puerto Rico,PRI,2005,23.40005045
Qatar,QAT,2005,24.73349378
Romania,ROU,2005,21.5
Russia,RUS,2005,15.2266732
Rwanda,RWA,2005,0.556041165
Saint Kitts and Nevis,KNA,2005,34
Saint Lucia,LCA,2005,21.56758295
Saint Vincent and the Grenadines,VCT,2005,9.198278082
Samoa,WSM,2005,3.352592112
San Marino,SMR,2005,50.2595642
Sao Tome and Principe,STP,2005,13.75948422
Saudi Arabia,SAU,2005,12.70503599
Senegal,SEN,2005,4.786684083
Serbia,SRB,2005,26.3
Seychelles,SYC,2005,25.41326815
Sierra Leone,SLE,2005,0.21539161
Singapore,SGP,2005,61
Slovakia,SVK,2005,55.19
Slovenia,SVN,2005,46.81
Small states,,2005,13.87390933
Solomon Islands,SLB,2005,0.844307573
Somalia,SOM,2005,1.077327839
South Africa,ZAF,2005,7.48854253
South Asia,,2005,2.546688328
South Asia (IDA & IBRD),,2005,2.546688328
South Korea,KOR,2005,73.5
Spain,ESP,2005,47.88
Sri Lanka,LKA,2005,1.792046794
Sub-Saharan Africa,,2005,2.044469415
Sub-Saharan Africa (IDA & IBRD),,2005,2.044469415
Sub-Saharan Africa (excluding high income),,2005,2.041749965
Sudan,SDN,2005,1.292040678
Suriname,SUR,2005,6.403086288
Swaziland,SWZ,2005,3.696961073
Sweden,SWE,2005,84.83
Switzerland,CHE,2005,70.1
Syria,SYR,2005,5.648106049
Tajikistan,TJK,2005,0.298690024
Tanzania,TZA,2005,1.1
Thailand,THA,2005,15.02600436
Timor,TLS,2005,0.099031768
Togo,TGO,2005,1.8
Tonga,TON,2005,4.907782762
Trinidad and Tobago,TTO,2005,28.97671243
Tunisia,TUN,2005,9.655086542
Turkey,TUR,2005,15.46
Turkmenistan,TKM,2005,0.997256559
Uganda,UGA,2005,1.742205503
Ukraine,UKR,2005,3.749764415
United Arab Emirates,ARE,2005,40
United Kingdom,GBR,2005,70
United States,USA,2005,67.96805292
United States Virgin Islands,VIR,2005,27.34431967
Upper middle income,,2005,11.5671719
Uruguay,URY,2005,20.08818956
Uzbekistan,UZB,2005,3.343509888
Vanuatu,VUT,2005,5.082333808
Venezuela,VEN,2005,12.55299791
Vietnam,VNM,2005,12.73992929
World,OWID_WRL,2005,15.78908227
Yemen,YEM,2005,1.048597934
Zambia,ZMB,2005,2.851752261
Zimbabwe,ZWE,2005,2.4
