Entity,Code,Year,Life expectancy (Clio-Infra up to 1949; UN Population Division for 1950 to 2015)
Afghanistan,AFG,2015,63.287998
Africa,,2015,61.457001
Albania,ALB,2015,78.174004
Algeria,DZA,2015,75.860001
Angola,AGO,2015,61.241001
Antigua and Barbuda,ATG,2015,76.207001
Argentina,ARG,2015,76.415001
Armenia,ARM,2015,74.445
Aruba,ABW,2015,75.724998
Asia,,2015,72.373001
Australia,AUS,2015,82.725998
Australia/New Zealand,,2015,82.561996
Austria,AUT,2015,81.419998
Azerbaijan,AZE,2015,71.920998
Bahamas,BHS,2015,75.527
Bahrain,BHR,2015,76.761002
Bangladesh,BGD,2015,72.154999
Barbados,BRB,2015,75.754997
Belarus,BLR,2015,72.748001
Belgium,BEL,2015,80.963997
Belize,BLZ,2015,70.192001
Benin,BEN,2015,60.639
Bhutan,BTN,2015,69.817001
Bolivia,BOL,2015,68.755997
Bosnia and Herzegovina,BIH,2015,76.735001
Botswana,BWA,2015,65.846001
Brazil,BRA,2015,75.283997
Brunei,BRN,2015,77.045998
Bulgaria,BGR,2015,74.617996
Burkina Faso,BFA,2015,59.926998
Burundi,BDI,2015,57.094002
Cambodia,KHM,2015,68.620003
Cameroon,CMR,2015,57.582001
Canada,CAN,2015,82.206001
Cape Verde,CPV,2015,72.598999
Caribbean,,2015,72.955002
Central African Republic,CAF,2015,51.41
Central America,,2015,76.282997
Central Asia,,2015,70.269997
Chad,TCD,2015,52.575001
Channel Islands,OWID_CIS,2015,80.958
Chile,CHL,2015,79.315002
China,CHN,2015,76.092003
Colombia,COL,2015,74.199997
Comoros,COM,2015,63.473
Congo,COG,2015,64.112
Costa Rica,CRI,2015,79.634003
Cote d'Ivoire,CIV,2015,53.053001
Croatia,HRV,2015,77.475998
Cuba,CUB,2015,79.57
Curacao,CUW,2015,78.264
Cyprus,CYP,2015,80.344002
Czech Republic,CZE,2015,78.580002
Democratic Republic of Congo,COD,2015,59.205002
Denmark,DNK,2015,80.586998
Djibouti,DJI,2015,62.259998
Dominican Republic,DOM,2015,73.672997
Eastern Africa,,2015,62.924999
Eastern Asia,,2015,77.190002
Eastern Europe,,2015,72.791
Ecuador,ECU,2015,76.101997
Egypt,EGY,2015,71.304001
El Salvador,SLV,2015,73.266998
Equatorial Guinea,GNQ,2015,57.433998
Eritrea,ERI,2015,64.636002
Estonia,EST,2015,77.383003
Ethiopia,ETH,2015,65.037003
Europe,,2015,77.727997
Fiji,FJI,2015,70.116997
Finland,FIN,2015,81.148003
France,FRA,2015,82.369003
French Guiana,GUF,2015,79.737
French Polynesia,PYF,2015,76.627998
Gabon,GAB,2015,65.684998
Gambia,GMB,2015,60.953999
Georgia,GEO,2015,73.096001
Germany,DEU,2015,80.848
Ghana,GHA,2015,62.448002
Greece,GRC,2015,81.043999
Grenada,GRD,2015,73.530998
Guadeloupe,GLP,2015,81.124001
Guam,GUM,2015,79.378998
Guatemala,GTM,2015,73.150002
Guinea,GIN,2015,59.418999
Guinea-Bissau,GNB,2015,57
Guyana,GUY,2015,66.536003
Haiti,HTI,2015,63.055
High-income countries,,2015,80.828003
Honduras,HND,2015,73.375999
Hong Kong,HKG,2015,83.801003
Hungary,HUN,2015,75.809998
Iceland,ISL,2015,82.586998
India,IND,2015,68.302002
Indonesia,IDN,2015,69.025002
Iran,IRN,2015,75.730003
Iraq,IRQ,2015,69.671997
Ireland,IRL,2015,81.306999
Israel,ISR,2015,82.334999
Italy,ITA,2015,82.808998
Jamaica,JAM,2015,75.835999
Japan,JPN,2015,83.622002
Jordan,JOR,2015,74.181999
Kazakhstan,KAZ,2015,69.692001
Kenya,KEN,2015,66.695
Kiribati,KIR,2015,66.129997
Kuwait,KWT,2015,74.577003
Kyrgyzstan,KGZ,2015,70.801003
Laos,LAO,2015,66.334999
Latin America and the Caribbean,,2015,75.190002
Latvia,LVA,2015,74.431
Least developed countries,,2015,63.716
Lebanon,LBN,2015,79.408997
Lesotho,LSO,2015,53.744999
Less developed regions,,2015,69.773003
"Less developed regions, excluding China",,2015,68.103996
"Less developed regions, excluding least developed countries",,2015,71.081001
Liberia,LBR,2015,62.007
Libya,LBY,2015,71.776001
Lithuania,LTU,2015,74.481003
Low-income countries,,2015,61.821999
Lower-middle-income countries,,2015,67.230003
Luxembourg,LUX,2015,81.629997
Macao,MAC,2015,83.699997
Macedonia,MKD,2015,75.549004
Madagascar,MDG,2015,65.539001
Malawi,MWI,2015,62.660999
Malaysia,MYS,2015,75.142998
Maldives,MDV,2015,77.042
Mali,MLI,2015,57.478001
Malta,MLT,2015,80.694
Martinique,MTQ,2015,81.776001
Mauritania,MRT,2015,63.082001
Mauritius,MUS,2015,74.569
Mayotte,MYT,2015,79.914001
Melanesia,OWID_MNS,2015,66.544998
Mexico,MEX,2015,76.932999
Micronesia (country),FSM,2015,69.078003
Micronesia (region),,2015,73.273003
Middle Africa,,2015,58.577
Middle-income countries,,2015,70.600998
Moldova,MDA,2015,71.468002
Mongolia,MNG,2015,69.086998
Montenegro,MNE,2015,76.938004
More developed regions,,2015,78.901001
Morocco,MAR,2015,75.572998
Mozambique,MOZ,2015,57.714001
Myanmar,MMR,2015,66.463997
Namibia,NAM,2015,63.782001
Nepal,NPL,2015,69.887001
Netherlands,NLD,2015,81.709999
New Caledonia,NCL,2015,76.759003
New Zealand,NZL,2015,81.728996
Nicaragua,NIC,2015,75.149002
Niger,NER,2015,59.667
Nigeria,NGA,2015,52.985001
North Korea,PRK,2015,71.457001
Northern Africa,,2015,71.650002
Northern America,,2015,79.542
Northern Europe,,2015,80.994003
Norway,NOR,2015,82.015999
Oceania,,2015,78.356003
Oman,OMN,2015,76.801003
Pakistan,PAK,2015,66.321999
Palestine,PSE,2015,73.299004
Panama,PAN,2015,77.806
Papua New Guinea,PNG,2015,65.384003
Paraguay,PRY,2015,73.023003
Peru,PER,2015,74.747002
Philippines,PHL,2015,68.950996
Poland,POL,2015,77.448997
Polynesia,OWID_PYA,2015,75.079002
Portugal,PRT,2015,81.028999
Puerto Rico,PRI,2015,79.75
Qatar,QAT,2015,78.036003
Reunion,REU,2015,80.089996
Romania,ROU,2015,75.296997
Russia,RUS,2015,70.918999
Rwanda,RWA,2015,66.695999
Saint Lucia,LCA,2015,75.300003
Saint Vincent and the Grenadines,VCT,2015,73.059998
Samoa,WSM,2015,74.769997
Sao Tome and Principe,STP,2015,66.487999
Saudi Arabia,SAU,2015,74.400002
Senegal,SEN,2015,66.783997
Serbia (including Kosovo),,2015,75.056999
Seychelles,SYC,2015,73.348999
Sierra Leone,SLE,2015,51.423
Singapore,SGP,2015,82.848999
Slovakia,SVK,2015,76.713997
Slovenia,SVN,2015,80.797997
Solomon Islands,SLB,2015,70.43
Somalia,SOM,2015,55.875999
South Africa,ZAF,2015,61.980999
South America,,2015,75.058998
South Korea,KOR,2015,81.924004
South Sudan,SSD,2015,56.321999
South-Central Asia,,2015,68.651001
South-Eastern Asia,,2015,70.989998
Southern Africa,,2015,61.75
Southern Asia,,2015,68.585999
Southern Europe,,2015,81.556999
Spain,ESP,2015,82.983002
Sri Lanka,LKA,2015,75.087997
Sub-Saharan Africa,,2015,59.251999
Sudan,SDN,2015,64.257004
Suriname,SUR,2015,71.278999
Swaziland,SWZ,2015,57.106998
Sweden,SWE,2015,82.299004
Switzerland,CHE,2015,83.139
Syria,SYR,2015,69.903999
Taiwan,TWN,2015,79.728996
Tajikistan,TJK,2015,70.878998
Tanzania,TZA,2015,64.949997
Thailand,THA,2015,75.102997
Timor,TLS,2015,68.569
Togo,TGO,2015,59.949001
Tonga,TON,2015,72.879997
Trinidad and Tobago,TTO,2015,70.556
Tunisia,TUN,2015,75.525002
Turkey,TUR,2015,75.498001
Turkmenistan,TKM,2015,67.704002
Uganda,UGA,2015,59.575001
Ukraine,UKR,2015,71.767998
United Arab Emirates,ARE,2015,77.100998
United Kingdom,GBR,2015,81.405998
United States,USA,2015,79.244003
United States Virgin Islands,VIR,2015,79.573997
Upper-middle-income countries,,2015,74.870003
Uruguay,URY,2015,77.341003
Uzbekistan,UZB,2015,71.192001
Vanuatu,VUT,2015,71.925003
Venezuela,VEN,2015,74.366997
Vietnam,VNM,2015,76.052002
Western Africa,,2015,55.868999
Western Asia,,2015,73.321999
Western Europe,,2015,81.507004
Western Sahara,ESH,2015,69.212997
World,OWID_WRL,2015,71.429001
Yemen,YEM,2015,64.742996
Zambia,ZMB,2015,61.396999
Zimbabwe,ZWE,2015,60.397999
Afghanistan,AFG,2014,62.895
Africa,,2014,60.987999
Albania,ALB,2014,77.962997
Algeria,DZA,2014,75.640999
Angola,AGO,2014,60.858002
Antigua and Barbuda,ATG,2014,76.050003
Argentina,ARG,2014,76.251999
Armenia,ARM,2014,74.254997
Aruba,ABW,2014,75.582001
Asia,,2014,72.153999
Australia,AUS,2014,82.558998
Australia/New Zealand,,2014,82.394997
Austria,AUT,2014,81.25
Azerbaijan,AZE,2014,71.800003
Bahamas,BHS,2014,75.378998
Bahrain,BHR,2014,76.622002
Bangladesh,BGD,2014,71.803001
Barbados,BRB,2014,75.602997
Belarus,BLR,2014,72.504997
Belgium,BEL,2014,80.792
Belize,BLZ,2014,70.027
Benin,BEN,2014,60.373001
Bhutan,BTN,2014,69.43
Bolivia,BOL,2014,68.357002
Bosnia and Herzegovina,BIH,2014,76.560997
Botswana,BWA,2014,64.779999
Brazil,BRA,2014,75.042
Brunei,BRN,2014,76.917
Bulgaria,BGR,2014,74.473
Burkina Faso,BFA,2014,59.457001
Burundi,BDI,2014,56.688
Cambodia,KHM,2014,68.250999
Cameroon,CMR,2014,57.111
Canada,CAN,2014,82.035004
Cape Verde,CPV,2014,72.417999
Caribbean,,2014,72.755997
Central African Republic,CAF,2014,50.620998
Central America,,2014,76.087997
Central Asia,,2014,70.072998
Chad,TCD,2014,52.203999
Channel Islands,OWID_CIS,2014,80.806999
Chile,CHL,2014,79.116997
China,CHN,2014,75.931999
Colombia,COL,2014,74.022003
Comoros,COM,2014,63.216
Congo,COG,2014,63.535999
Costa Rica,CRI,2014,79.440002
Cote d'Ivoire,CIV,2014,52.52
Croatia,HRV,2014,77.308998
Cuba,CUB,2014,79.415001
Curacao,CUW,2014,78.069
Cyprus,CYP,2014,80.172997
Czech Republic,CZE,2014,78.419998
Democratic Republic of Congo,COD,2014,58.782001
Denmark,DNK,2014,80.412003
Djibouti,DJI,2014,62.006001
Dominican Republic,DOM,2014,73.483002
Eastern Africa,,2014,62.382
Eastern Asia,,2014,77.028999
Eastern Europe,,2014,72.563004
Ecuador,ECU,2014,75.878998
Egypt,EGY,2014,71.120003
El Salvador,SLV,2014,73.014999
Equatorial Guinea,GNQ,2014,57.18
Eritrea,ERI,2014,64.174004
Estonia,EST,2014,77.140999
Ethiopia,ETH,2014,64.535004
Europe,,2014,77.519997
Fiji,FJI,2014,69.959999
Finland,FIN,2014,80.967003
France,FRA,2014,82.184998
French Guiana,GUF,2014,79.522003
French Polynesia,PYF,2014,76.444
Gabon,GAB,2014,65.210999
Gambia,GMB,2014,60.707001
Georgia,GEO,2014,72.950996
Germany,DEU,2014,80.691002
Ghana,GHA,2014,62.153999
Greece,GRC,2014,80.874001
Grenada,GRD,2014,73.388
Guadeloupe,GLP,2014,80.894997
Guam,GUM,2014,79.167999
Guatemala,GTM,2014,72.869003
Guinea,GIN,2014,58.846001
Guinea-Bissau,GNB,2014,56.598
Guyana,GUY,2014,66.425003
Haiti,HTI,2014,62.757
High-income countries,,2014,80.666
Honduras,HND,2014,73.181
Hong Kong,HKG,2014,83.643997
Hungary,HUN,2014,75.646004
Iceland,ISL,2014,82.425003
India,IND,2014,68.021004
Indonesia,IDN,2014,68.856003
Iran,IRN,2014,75.466003
Iraq,IRQ,2014,69.458
Ireland,IRL,2014,81.134003
Israel,ISR,2014,82.168999
Italy,ITA,2014,82.629997
Jamaica,JAM,2014,75.689003
Japan,JPN,2014,83.484001
Jordan,JOR,2014,74.033997
Kazakhstan,KAZ,2014,69.439003
Kenya,KEN,2014,66.241997
Kiribati,KIR,2014,65.948997
Kuwait,KWT,2014,74.458
Kyrgyzstan,KGZ,2014,70.578003
Laos,LAO,2014,65.974998
Latin America and the Caribbean,,2014,74.976997
Latvia,LVA,2014,74.218002
Least developed countries,,2014,63.317001
Lebanon,LBN,2014,79.231003
Lesotho,LSO,2014,53.268002
Less developed regions,,2014,69.514
"Less developed regions, excluding China",,2014,67.808998
"Less developed regions, excluding least developed countries",,2014,70.843002
Liberia,LBR,2014,61.527
Libya,LBY,2014,71.658997
Lithuania,LTU,2014,74.273003
Low-income countries,,2014,61.346001
Lower-middle-income countries,,2014,66.967003
Luxembourg,LUX,2014,81.435997
Macao,MAC,2014,83.536003
Macedonia,MKD,2014,75.384003
Madagascar,MDG,2014,65.133003
Malawi,MWI,2014,61.931999
Malaysia,MYS,2014,74.975998
Maldives,MDV,2014,76.782997
Mali,MLI,2014,57.007
Malta,MLT,2014,80.530998
Martinique,MTQ,2014,81.551003
Mauritania,MRT,2014,62.907001
Mauritius,MUS,2014,74.394997
Mayotte,MYT,2014,79.686996
Melanesia,OWID_MNS,2014,66.383003
Mexico,MEX,2014,76.752998
Micronesia (country),FSM,2014,68.966003
Micronesia (region),,2014,73.089996
Middle Africa,,2014,58.134998
Middle-income countries,,2014,70.359001
Moldova,MDA,2014,71.258003
Mongolia,MNG,2014,68.847
Montenegro,MNE,2014,76.711998
More developed regions,,2014,78.713997
Morocco,MAR,2014,75.308998
Mozambique,MOZ,2014,57.098999
Myanmar,MMR,2014,66.285004
Namibia,NAM,2014,62.980999
Nepal,NPL,2014,69.511002
Netherlands,NLD,2014,81.555
New Caledonia,NCL,2014,76.560997
New Zealand,NZL,2014,81.57
Nicaragua,NIC,2014,74.884003
Niger,NER,2014,59.228001
Nigeria,NGA,2014,52.549
North Korea,PRK,2014,71.179001
Northern Africa,,2014,71.43
Northern America,,2014,79.394997
Northern Europe,,2014,80.810997
Norway,NOR,2014,81.856003
Oceania,,2014,78.191002
Oman,OMN,2014,76.578003
Pakistan,PAK,2014,66.139
Palestine,PSE,2014,73.125999
Panama,PAN,2014,77.610001
Papua New Guinea,PNG,2014,65.230003
Paraguay,PRY,2014,72.913002
Peru,PER,2014,74.517998
Philippines,PHL,2014,68.813004
Poland,POL,2014,77.264
Polynesia,OWID_PYA,2014,74.871002
Portugal,PRT,2014,80.827003
Puerto Rico,PRI,2014,79.539001
Qatar,QAT,2014,77.888
Reunion,REU,2014,79.873001
Romania,ROU,2014,75.122002
Russia,RUS,2014,70.679001
Rwanda,RWA,2014,66.188004
Saint Lucia,LCA,2014,75.116997
Saint Vincent and the Grenadines,VCT,2014,72.934998
Samoa,WSM,2014,74.503998
Sao Tome and Principe,STP,2014,66.361
Saudi Arabia,SAU,2014,74.234001
Senegal,SEN,2014,66.375999
Serbia (including Kosovo),,2014,74.893997
Seychelles,SYC,2014,73.162003
Sierra Leone,SLE,2014,50.951
Singapore,SGP,2014,82.662003
Slovakia,SVK,2014,76.550003
Slovenia,SVN,2014,80.610001
Solomon Islands,SLB,2014,70.112999
Somalia,SOM,2014,55.466999
South Africa,ZAF,2014,60.993
South America,,2014,74.841003
South Korea,KOR,2014,81.678001
South Sudan,SSD,2014,55.817001
South-Central Asia,,2014,68.377998
South-Eastern Asia,,2014,70.796997
Southern Africa,,2014,60.784
Southern Asia,,2014,68.310997
Southern Europe,,2014,81.375
Spain,ESP,2014,82.802002
Sri Lanka,LKA,2014,74.905998
Sub-Saharan Africa,,2014,58.727001
Sudan,SDN,2014,64.001999
Suriname,SUR,2014,71.138
Swaziland,SWZ,2014,56.286999
Sweden,SWE,2014,82.136002
Switzerland,CHE,2014,82.968002
Syria,SYR,2014,69.817001
Taiwan,TWN,2014,79.540001
Tajikistan,TJK,2014,70.690002
Tanzania,TZA,2014,64.163002
Thailand,THA,2014,74.894997
Timor,TLS,2014,68.285004
Togo,TGO,2014,59.601002
Tonga,TON,2014,72.732002
Trinidad and Tobago,TTO,2014,70.426003
Tunisia,TUN,2014,75.334999
Turkey,TUR,2014,75.238998
Turkmenistan,TKM,2014,67.552002
Uganda,UGA,2014,59.223999
Ukraine,UKR,2014,71.490997
United Arab Emirates,ARE,2014,76.947998
United Kingdom,GBR,2014,81.234001
United States,USA,2014,79.099998
United States Virgin Islands,VIR,2014,79.379997
Upper-middle-income countries,,2014,74.657997
Uruguay,URY,2014,77.190002
Uzbekistan,UZB,2014,71.039001
Vanuatu,VUT,2014,71.709
Venezuela,VEN,2014,74.195999
Vietnam,VNM,2014,75.855003
Western Africa,,2014,55.431
Western Asia,,2014,73.102997
Western Europe,,2014,81.341003
Western Sahara,ESH,2014,68.903999
World,OWID_WRL,2014,71.184998
Yemen,YEM,2014,64.523003
Zambia,ZMB,2014,60.775002
Zimbabwe,ZWE,2014,59.360001
Afghanistan,AFG,2013,62.493999
Africa,,2013,60.473999
Albania,ALB,2013,77.702003
Algeria,DZA,2013,75.417999
Angola,AGO,2013,60.373001
Antigua and Barbuda,ATG,2013,75.891998
Argentina,ARG,2013,76.088997
Armenia,ARM,2013,74.043999
Aruba,ABW,2013,75.440002
Asia,,2013,71.920998
Australia,AUS,2013,82.394997
Australia/New Zealand,,2013,82.231003
Austria,AUT,2013,81.083
Azerbaijan,AZE,2013,71.655998
Bahamas,BHS,2013,75.230003
Bahrain,BHR,2013,76.482002
Bangladesh,BGD,2013,71.431
Barbados,BRB,2013,75.447998
Belarus,BLR,2013,72.18
Belgium,BEL,2013,80.617996
Belize,BLZ,2013,69.894997
Benin,BEN,2013,60.112999
Bhutan,BTN,2013,69.038002
Bolivia,BOL,2013,67.921997
Bosnia and Herzegovina,BIH,2013,76.389999
Botswana,BWA,2013,63.630001
Brazil,BRA,2013,74.777
Brunei,BRN,2013,76.822998
Bulgaria,BGR,2013,74.310997
Burkina Faso,BFA,2013,58.942001
Burundi,BDI,2013,56.258999
Cambodia,KHM,2013,67.867996
Cameroon,CMR,2013,56.665001
Canada,CAN,2013,81.858002
Cape Verde,CPV,2013,72.259003
Caribbean,,2013,72.552002
Central African Republic,CAF,2013,49.825001
Central America,,2013,75.893997
Central Asia,,2013,69.817001
Chad,TCD,2013,51.778
Channel Islands,OWID_CIS,2013,80.653999
Chile,CHL,2013,78.931
China,CHN,2013,75.768997
Colombia,COL,2013,73.847
Comoros,COM,2013,62.923
Congo,COG,2013,62.889999
Costa Rica,CRI,2013,79.253998
Cote d'Ivoire,CIV,2013,51.988998
Croatia,HRV,2013,77.138
Cuba,CUB,2013,79.281998
Curacao,CUW,2013,77.839996
Cyprus,CYP,2013,79.995003
Czech Republic,CZE,2013,78.247002
Democratic Republic of Congo,COD,2013,58.347
Denmark,DNK,2013,80.205002
Djibouti,DJI,2013,61.691002
Dominican Republic,DOM,2013,73.292
Eastern Africa,,2013,61.762001
Eastern Asia,,2013,76.862999
Eastern Europe,,2013,72.260002
Ecuador,ECU,2013,75.661003
Egypt,EGY,2013,70.932999
El Salvador,SLV,2013,72.752998
Equatorial Guinea,GNQ,2013,56.904999
Eritrea,ERI,2013,63.702999
Estonia,EST,2013,76.819
Ethiopia,ETH,2013,63.952
Europe,,2013,77.274002
Fiji,FJI,2013,69.795998
Finland,FIN,2013,80.776001
France,FRA,2013,81.996002
French Guiana,GUF,2013,79.307999
French Polynesia,PYF,2013,76.257004
Gabon,GAB,2013,64.685997
Gambia,GMB,2013,60.452
Georgia,GEO,2013,72.832001
Germany,DEU,2013,80.541
Ghana,GHA,2013,61.860001
Greece,GRC,2013,80.717003
Grenada,GRD,2013,73.226997
Guadeloupe,GLP,2013,80.664001
Guam,GUM,2013,78.938004
Guatemala,GTM,2013,72.561996
Guinea,GIN,2013,58.300999
Guinea-Bissau,GNB,2013,56.200001
Guyana,GUY,2013,66.318001
Haiti,HTI,2013,62.431999
High-income countries,,2013,80.5
Honduras,HND,2013,72.989998
Hong Kong,HKG,2013,83.480003
Hungary,HUN,2013,75.444
Iceland,ISL,2013,82.263
India,IND,2013,67.713997
Indonesia,IDN,2013,68.683998
Iran,IRN,2013,75.153
Iraq,IRQ,2013,69.219002
Ireland,IRL,2013,80.956001
Israel,ISR,2013,82.001999
Italy,ITA,2013,82.454002
Jamaica,JAM,2013,75.523003
Japan,JPN,2013,83.350998
Jordan,JOR,2013,73.883003
Kazakhstan,KAZ,2013,69.101997
Kenya,KEN,2013,65.651001
Kiribati,KIR,2013,65.779999
Kuwait,KWT,2013,74.337997
Kyrgyzstan,KGZ,2013,70.264999
Laos,LAO,2013,65.599998
Latin America and the Caribbean,,2013,74.759003
Latvia,LVA,2013,73.936996
Least developed countries,,2013,62.883999
Lebanon,LBN,2013,79.050003
Lesotho,LSO,2013,52.737999
Less developed regions,,2013,69.235001
"Less developed regions, excluding China",,2013,67.489998
"Less developed regions, excluding least developed countries",,2013,70.588997
Liberia,LBR,2013,61.066002
Libya,LBY,2013,71.592003
Lithuania,LTU,2013,74.002998
Low-income countries,,2013,60.827999
Lower-middle-income countries,,2013,66.682999
Luxembourg,LUX,2013,81.210999
Macao,MAC,2013,83.355003
Macedonia,MKD,2013,75.207001
Madagascar,MDG,2013,64.712997
Malawi,MWI,2013,61.02
Malaysia,MYS,2013,74.796997
Maldives,MDV,2013,76.570999
Mali,MLI,2013,56.556
Malta,MLT,2013,80.364998
Martinique,MTQ,2013,81.325996
Mauritania,MRT,2013,62.710999
Mauritius,MUS,2013,74.194
Mayotte,MYT,2013,79.450996
Melanesia,OWID_MNS,2013,66.223
Mexico,MEX,2013,76.579002
Micronesia (country),FSM,2013,68.862
Micronesia (region),,2013,72.911003
Middle Africa,,2013,57.664001
Middle-income countries,,2013,70.095001
Moldova,MDA,2013,70.960999
Mongolia,MNG,2013,68.557999
Montenegro,MNE,2013,76.43
More developed regions,,2013,78.502998
Morocco,MAR,2013,75.026001
Mozambique,MOZ,2013,56.483002
Myanmar,MMR,2013,66.066002
Namibia,NAM,2013,61.981998
Nepal,NPL,2013,69.125999
Netherlands,NLD,2013,81.389
New Caledonia,NCL,2013,76.358002
New Zealand,NZL,2013,81.404999
Nicaragua,NIC,2013,74.608002
Niger,NER,2013,58.727001
Nigeria,NGA,2013,52.120998
North Korea,PRK,2013,70.842003
Northern Africa,,2013,71.195999
Northern America,,2013,79.25
Northern Europe,,2013,80.608002
Norway,NOR,2013,81.691002
Oceania,,2013,78.026001
Oman,OMN,2013,76.358002
Pakistan,PAK,2013,65.927002
Palestine,PSE,2013,72.954002
Panama,PAN,2013,77.413002
Papua New Guinea,PNG,2013,65.082001
Paraguay,PRY,2013,72.786003
Peru,PER,2013,74.297997
Philippines,PHL,2013,68.68
Poland,POL,2013,77.053001
Polynesia,OWID_PYA,2013,74.653
Portugal,PRT,2013,80.620003
Puerto Rico,PRI,2013,79.311996
Qatar,QAT,2013,77.738998
Reunion,REU,2013,79.646004
Romania,ROU,2013,74.907997
Russia,RUS,2013,70.348999
Rwanda,RWA,2013,65.598
Saint Lucia,LCA,2013,74.946999
Saint Vincent and the Grenadines,VCT,2013,72.802002
Samoa,WSM,2013,74.206001
Sao Tome and Principe,STP,2013,66.240997
Saudi Arabia,SAU,2013,74.066002
Senegal,SEN,2013,65.914001
Serbia (including Kosovo),,2013,74.708
Seychelles,SYC,2013,72.989998
Sierra Leone,SLE,2013,50.401001
Singapore,SGP,2013,82.473
Slovakia,SVK,2013,76.350998
Slovenia,SVN,2013,80.389999
Solomon Islands,SLB,2013,69.771004
Somalia,SOM,2013,55.071999
South Africa,ZAF,2013,59.830002
South America,,2013,74.614998
South Korea,KOR,2013,81.411003
South Sudan,SSD,2013,55.293999
South-Central Asia,,2013,68.078003
South-Eastern Asia,,2013,70.598
Southern Africa,,2013,59.652
Southern Asia,,2013,68.010002
Southern Europe,,2013,81.188004
Spain,ESP,2013,82.602997
Sri Lanka,LKA,2013,74.740997
Sub-Saharan Africa,,2013,58.153999
Sudan,SDN,2013,63.712002
Suriname,SUR,2013,70.975998
Swaziland,SWZ,2013,55.296001
Sweden,SWE,2013,81.974998
Switzerland,CHE,2013,82.796997
Syria,SYR,2013,70.045998
Taiwan,TWN,2013,79.346001
Tajikistan,TJK,2013,70.476997
Tanzania,TZA,2013,63.348
Thailand,THA,2013,74.678001
Timor,TLS,2013,68.032997
Togo,TGO,2013,59.174
Tonga,TON,2013,72.587997
Trinidad and Tobago,TTO,2013,70.279999
Tunisia,TUN,2013,75.167
Turkey,TUR,2013,74.976997
Turkmenistan,TKM,2013,67.375
Uganda,UGA,2013,58.819
Ukraine,UKR,2013,71.112
United Arab Emirates,ARE,2013,76.797997
United Kingdom,GBR,2013,81.044998
United States,USA,2013,78.959999
United States Virgin Islands,VIR,2013,79.167999
Upper-middle-income countries,,2013,74.427002
Uruguay,URY,2013,77.040001
Uzbekistan,UZB,2013,70.844002
Vanuatu,VUT,2013,71.481003
Venezuela,VEN,2013,74.035004
Vietnam,VNM,2013,75.663002
Western Africa,,2013,54.988998
Western Asia,,2013,72.903999
Western Europe,,2013,81.175003
Western Sahara,ESH,2013,68.565002
World,OWID_WRL,2013,70.919998
Yemen,YEM,2013,64.291
Zambia,ZMB,2013,59.981998
Zimbabwe,ZWE,2013,58.053001
Afghanistan,AFG,2012,62.085999
Africa,,2012,59.917
Albania,ALB,2012,77.389
Algeria,DZA,2012,75.186996
Angola,AGO,2012,59.77
Antigua and Barbuda,ATG,2012,75.733002
Argentina,ARG,2012,75.926003
Armenia,ARM,2012,73.814003
Aruba,ABW,2012,75.299004
Asia,,2012,71.670998
Australia,AUS,2012,82.234001
Australia/New Zealand,,2012,82.067001
Austria,AUT,2012,80.917999
Azerbaijan,AZE,2012,71.477997
Bahamas,BHS,2012,75.079002
Bahrain,BHR,2012,76.341003
Bangladesh,BGD,2012,71.039001
Barbados,BRB,2012,75.292
Belarus,BLR,2012,71.768997
Belgium,BEL,2012,80.442001
Belize,BLZ,2012,69.797997
Benin,BEN,2012,59.855
Bhutan,BTN,2012,68.639
Bolivia,BOL,2012,67.450996
Bosnia and Herzegovina,BIH,2012,76.223
Botswana,BWA,2012,62.424999
Brazil,BRA,2012,74.487999
Brunei,BRN,2012,76.764
Bulgaria,BGR,2012,74.128998
Burkina Faso,BFA,2012,58.376999
Burundi,BDI,2012,55.806999
Cambodia,KHM,2012,67.466003
Cameroon,CMR,2012,56.241001
Canada,CAN,2012,81.674004
Cape Verde,CPV,2012,72.126999
Caribbean,,2012,72.343002
Central African Republic,CAF,2012,49.041
Central America,,2012,75.700996
Central Asia,,2012,69.499001
Chad,TCD,2012,51.299999
Channel Islands,OWID_CIS,2012,80.494003
Chile,CHL,2012,78.758003
China,CHN,2012,75.601997
Colombia,COL,2012,73.672997
Comoros,COM,2012,62.596001
Congo,COG,2012,62.168999
Costa Rica,CRI,2012,79.077003
Cote d'Ivoire,CIV,2012,51.463001
Croatia,HRV,2012,76.963997
Cuba,CUB,2012,79.167
Curacao,CUW,2012,77.575996
Cyprus,CYP,2012,79.809998
Czech Republic,CZE,2012,78.058998
Democratic Republic of Congo,COD,2012,57.894001
Denmark,DNK,2012,79.964996
Djibouti,DJI,2012,61.310001
Dominican Republic,DOM,2012,73.098
Eastern Africa,,2012,61.064999
Eastern Asia,,2012,76.691002
Eastern Europe,,2012,71.878998
Ecuador,ECU,2012,75.448997
Egypt,EGY,2012,70.741997
El Salvador,SLV,2012,72.478996
Equatorial Guinea,GNQ,2012,56.601002
Eritrea,ERI,2012,63.220001
Estonia,EST,2012,76.410004
Ethiopia,ETH,2012,63.275002
Europe,,2012,76.984001
Fiji,FJI,2012,69.625
Finland,FIN,2012,80.573997
France,FRA,2012,81.800003
French Guiana,GUF,2012,79.092003
French Polynesia,PYF,2012,76.065002
Gabon,GAB,2012,64.119003
Gambia,GMB,2012,60.187
Georgia,GEO,2012,72.741997
Germany,DEU,2012,80.396004
Ghana,GHA,2012,61.561001
Greece,GRC,2012,80.571999
Grenada,GRD,2012,73.043999
Guadeloupe,GLP,2012,80.43
Guam,GUM,2012,78.689003
Guatemala,GTM,2012,72.226997
Guinea,GIN,2012,57.782001
Guinea-Bissau,GNB,2012,55.806999
Guyana,GUY,2012,66.216003
Haiti,HTI,2012,62.077999
High-income countries,,2012,80.329002
Honduras,HND,2012,72.805
Hong Kong,HKG,2012,83.306999
Hungary,HUN,2012,75.199997
Iceland,ISL,2012,82.101997
India,IND,2012,67.376999
Indonesia,IDN,2012,68.509003
Iran,IRN,2012,74.787003
Iraq,IRQ,2012,68.962997
Ireland,IRL,2012,80.766998
Israel,ISR,2012,81.830002
Italy,ITA,2012,82.282997
Jamaica,JAM,2012,75.334
Japan,JPN,2012,83.222
Jordan,JOR,2012,73.728996
Kazakhstan,KAZ,2012,68.676003
Kenya,KEN,2012,64.906998
Kiribati,KIR,2012,65.623001
Kuwait,KWT,2012,74.217003
Kyrgyzstan,KGZ,2012,69.861
Laos,LAO,2012,65.208
Latin America and the Caribbean,,2012,74.535004
Latvia,LVA,2012,73.586998
Least developed countries,,2012,62.415001
Lebanon,LBN,2012,78.860001
Lesotho,LSO,2012,52.158001
Less developed regions,,2012,68.936996
"Less developed regions, excluding China",,2012,67.144997
"Less developed regions, excluding least developed countries",,2012,70.317001
Liberia,LBR,2012,60.615002
Libya,LBY,2012,71.573997
Lithuania,LTU,2012,73.671997
Low-income countries,,2012,60.264
Lower-middle-income countries,,2012,66.376999
Luxembourg,LUX,2012,80.952003
Macao,MAC,2012,83.154999
Macedonia,MKD,2012,75.018997
Madagascar,MDG,2012,64.279999
Malawi,MWI,2012,59.926998
Malaysia,MYS,2012,74.606003
Maldives,MDV,2012,76.401001
Mali,MLI,2012,56.122002
Malta,MLT,2012,80.195999
Martinique,MTQ,2012,81.101997
Mauritania,MRT,2012,62.492001
Mauritius,MUS,2012,73.964996
Mayotte,MYT,2012,79.204002
Melanesia,OWID_MNS,2012,66.060997
Mexico,MEX,2012,76.412003
Micronesia (country),FSM,2012,68.764999
Micronesia (region),,2012,72.734001
Middle Africa,,2012,57.159
Middle-income countries,,2012,69.806999
Moldova,MDA,2012,70.577003
Mongolia,MNG,2012,68.214996
Montenegro,MNE,2012,76.088997
More developed regions,,2012,78.264
Morocco,MAR,2012,74.717003
Mozambique,MOZ,2012,55.877998
Myanmar,MMR,2012,65.805
Namibia,NAM,2012,60.814999
Nepal,NPL,2012,68.732002
Netherlands,NLD,2012,81.209999
New Caledonia,NCL,2012,76.150002
New Zealand,NZL,2012,81.232002
Nicaragua,NIC,2012,74.319
Niger,NER,2012,58.16
Nigeria,NGA,2012,51.699001
North Korea,PRK,2012,70.447998
Northern Africa,,2012,70.946999
Northern America,,2012,79.105003
Northern Europe,,2012,80.384003
Norway,NOR,2012,81.517998
Oceania,,2012,77.860001
Oman,OMN,2012,76.140999
Pakistan,PAK,2012,65.685997
Palestine,PSE,2012,72.782997
Panama,PAN,2012,77.216003
Papua New Guinea,PNG,2012,64.936996
Paraguay,PRY,2012,72.638
Peru,PER,2012,74.087997
Philippines,PHL,2012,68.553001
Poland,POL,2012,76.817001
Polynesia,OWID_PYA,2012,74.421997
Portugal,PRT,2012,80.406998
Puerto Rico,PRI,2012,79.068001
Qatar,QAT,2012,77.589996
Reunion,REU,2012,79.406998
Romania,ROU,2012,74.653
Russia,RUS,2012,69.922997
Rwanda,RWA,2012,64.911003
Saint Lucia,LCA,2012,74.788002
Saint Vincent and the Grenadines,VCT,2012,72.656998
Samoa,WSM,2012,73.875
Sao Tome and Principe,STP,2012,66.125
Saudi Arabia,SAU,2012,73.896004
Senegal,SEN,2012,65.392998
Serbia (including Kosovo),,2012,74.497002
Seychelles,SYC,2012,72.835999
Sierra Leone,SLE,2012,49.762001
Singapore,SGP,2012,82.279999
Slovakia,SVK,2012,76.115997
Slovenia,SVN,2012,80.133003
Solomon Islands,SLB,2012,69.400002
Somalia,SOM,2012,54.694
South Africa,ZAF,2012,58.544998
South America,,2012,74.378998
South Korea,KOR,2012,81.119003
South Sudan,SSD,2012,54.756001
South-Central Asia,,2012,67.75
South-Eastern Asia,,2012,70.390999
Southern Africa,,2012,58.401001
Southern Asia,,2012,67.681999
Southern Europe,,2012,80.992996
Spain,ESP,2012,82.385002
Sri Lanka,LKA,2012,74.593002
Sub-Saharan Africa,,2012,57.533001
Sudan,SDN,2012,63.383999
Suriname,SUR,2012,70.790001
Swaziland,SWZ,2012,54.158001
Sweden,SWE,2012,81.813004
Switzerland,CHE,2012,82.625
Syria,SYR,2012,70.549004
Taiwan,TWN,2012,79.148003
Tajikistan,TJK,2012,70.234001
Tanzania,TZA,2012,62.528
Thailand,THA,2012,74.445999
Timor,TLS,2012,67.805
Togo,TGO,2012,58.667999
Tonga,TON,2012,72.445999
Trinidad and Tobago,TTO,2012,70.117996
Tunisia,TUN,2012,75.023003
Turkey,TUR,2012,74.710999
Turkmenistan,TKM,2012,67.167
Uganda,UGA,2012,58.347
Ukraine,UKR,2012,70.629997
United Arab Emirates,ARE,2012,76.648003
United Kingdom,GBR,2012,80.836998
United States,USA,2012,78.820999
United States Virgin Islands,VIR,2012,78.939003
Upper-middle-income countries,,2012,74.175003
Uruguay,URY,2012,76.889999
Uzbekistan,UZB,2012,70.603996
Vanuatu,VUT,2012,71.240997
Venezuela,VEN,2012,73.885002
Vietnam,VNM,2012,75.475998
Western Africa,,2012,54.540001
Western Asia,,2012,72.724998
Western Europe,,2012,81.008003
Western Sahara,ESH,2012,68.195999
World,OWID_WRL,2012,70.630997
Yemen,YEM,2012,64.045998
Zambia,ZMB,2012,59.011002
Zimbabwe,ZWE,2012,56.515999
Afghanistan,AFG,2011,61.666
Africa,,2011,59.318001
Albania,ALB,2011,77.030998
Algeria,DZA,2011,74.944
Angola,AGO,2011,59.042
Antigua and Barbuda,ATG,2011,75.573997
Argentina,ARG,2011,75.761002
Armenia,ARM,2011,73.570999
Aruba,ABW,2011,75.157997
Asia,,2011,71.403
Australia,AUS,2011,82.072998
Australia/New Zealand,,2011,81.901001
Austria,AUT,2011,80.752998
Azerbaijan,AZE,2011,71.260002
Bahamas,BHS,2011,74.922997
Bahrain,BHR,2011,76.198997
Bangladesh,BGD,2011,70.625999
Barbados,BRB,2011,75.133003
Belarus,BLR,2011,71.280998
Belgium,BEL,2011,80.260002
Belize,BLZ,2011,69.731003
Benin,BEN,2011,59.595001
Bhutan,BTN,2011,68.226997
Bolivia,BOL,2011,66.945
Bosnia and Herzegovina,BIH,2011,76.059998
Botswana,BWA,2011,61.179001
Brazil,BRA,2011,74.174004
Brunei,BRN,2011,76.734001
Bulgaria,BGR,2011,73.929001
Burkina Faso,BFA,2011,57.762001
Burundi,BDI,2011,55.338001
Cambodia,KHM,2011,67.033997
Cameroon,CMR,2011,55.832001
Canada,CAN,2011,81.482002
Cape Verde,CPV,2011,72.018997
Caribbean,,2011,72.126999
Central African Republic,CAF,2011,48.284
Central America,,2011,75.511002
Central Asia,,2011,69.121002
Chad,TCD,2011,50.778
Channel Islands,OWID_CIS,2011,80.325996
Chile,CHL,2011,78.598999
China,CHN,2011,75.425003
Colombia,COL,2011,73.5
Comoros,COM,2011,62.240002
Congo,COG,2011,61.369999
Costa Rica,CRI,2011,78.911003
Cote d'Ivoire,CIV,2011,50.945
Croatia,HRV,2011,76.783997
Cuba,CUB,2011,79.064003
Curacao,CUW,2011,77.281998
Cyprus,CYP,2011,79.620003
Czech Republic,CZE,2011,77.851997
Democratic Republic of Congo,COD,2011,57.417999
Denmark,DNK,2011,79.694
Djibouti,DJI,2011,60.869999
Dominican Republic,DOM,2011,72.901001
Eastern Africa,,2011,60.291
Eastern Asia,,2011,76.508003
Eastern Europe,,2011,71.427002
Ecuador,ECU,2011,75.244003
Egypt,EGY,2011,70.550003
El Salvador,SLV,2011,72.195
Equatorial Guinea,GNQ,2011,56.264999
Eritrea,ERI,2011,62.717999
Estonia,EST,2011,75.919998
Ethiopia,ETH,2011,62.500999
Europe,,2011,76.653999
Fiji,FJI,2011,69.447998
Finland,FIN,2011,80.361
France,FRA,2011,81.598
French Guiana,GUF,2011,78.871002
French Polynesia,PYF,2011,75.862
Gabon,GAB,2011,63.519001
Gambia,GMB,2011,59.910999
Georgia,GEO,2011,72.68
Germany,DEU,2011,80.254997
Ghana,GHA,2011,61.254002
Greece,GRC,2011,80.439003
Grenada,GRD,2011,72.839996
Guadeloupe,GLP,2011,80.193001
Guam,GUM,2011,78.418999
Guatemala,GTM,2011,71.866997
Guinea,GIN,2011,57.282001
Guinea-Bissau,GNB,2011,55.424
Guyana,GUY,2011,66.116997
Haiti,HTI,2011,61.699001
High-income countries,,2011,80.151001
Honduras,HND,2011,72.624001
Hong Kong,HKG,2011,83.125
Hungary,HUN,2011,74.917999
Iceland,ISL,2011,81.941002
India,IND,2011,67.013
Indonesia,IDN,2011,68.331001
Iran,IRN,2011,74.375
Iraq,IRQ,2011,68.702003
Ireland,IRL,2011,80.564003
Israel,ISR,2011,81.652
Italy,ITA,2011,82.114998
Jamaica,JAM,2011,75.122002
Japan,JPN,2011,83.097
Jordan,JOR,2011,73.570999
Kazakhstan,KAZ,2011,68.169998
Kenya,KEN,2011,64.008003
Kiribati,KIR,2011,65.481003
Kuwait,KWT,2011,74.096001
Kyrgyzstan,KGZ,2011,69.380997
Laos,LAO,2011,64.794998
Latin America and the Caribbean,,2011,74.304001
Latvia,LVA,2011,73.177002
Least developed countries,,2011,61.909
Lebanon,LBN,2011,78.655998
Lesotho,LSO,2011,51.529999
Less developed regions,,2011,68.617996
"Less developed regions, excluding China",,2011,66.777
"Less developed regions, excluding least developed countries",,2011,70.029999
Liberia,LBR,2011,60.154999
Libya,LBY,2011,71.598
Lithuania,LTU,2011,73.290001
Low-income countries,,2011,59.655998
Lower-middle-income countries,,2011,66.049004
Luxembourg,LUX,2011,80.663002
Macao,MAC,2011,82.936996
Macedonia,MKD,2011,74.823997
Madagascar,MDG,2011,63.835999
Malawi,MWI,2011,58.667
Malaysia,MYS,2011,74.407997
Maldives,MDV,2011,76.259003
Mali,MLI,2011,55.694
Malta,MLT,2011,80.025002
Martinique,MTQ,2011,80.878998
Mauritania,MRT,2011,62.252998
Mauritius,MUS,2011,73.711998
Mayotte,MYT,2011,78.945
Melanesia,OWID_MNS,2011,65.894997
Mexico,MEX,2011,76.250999
Micronesia (country),FSM,2011,68.672997
Micronesia (region),,2011,72.558998
Middle Africa,,2011,56.618999
Middle-income countries,,2011,69.497002
Moldova,MDA,2011,70.116997
Mongolia,MNG,2011,67.82
Montenegro,MNE,2011,75.699997
More developed regions,,2011,78
Morocco,MAR,2011,74.376999
Mozambique,MOZ,2011,55.287998
Myanmar,MMR,2011,65.505997
Namibia,NAM,2011,59.527
Nepal,NPL,2011,68.329002
Netherlands,NLD,2011,81.014
New Caledonia,NCL,2011,75.938004
New Zealand,NZL,2011,81.050003
Nicaragua,NIC,2011,74.015999
Niger,NER,2011,57.528
Nigeria,NGA,2011,51.278999
North Korea,PRK,2011,70.011002
Northern Africa,,2011,70.681999
Northern America,,2011,78.959999
Northern Europe,,2011,80.138
Norway,NOR,2011,81.334999
Oceania,,2011,77.690002
Oman,OMN,2011,75.921997
Pakistan,PAK,2011,65.418999
Palestine,PSE,2011,72.612999
Panama,PAN,2011,77.021004
Papua New Guinea,PNG,2011,64.791
Paraguay,PRY,2011,72.470001
Peru,PER,2011,73.883003
Philippines,PHL,2011,68.432999
Poland,POL,2011,76.557999
Polynesia,OWID_PYA,2011,74.178001
Portugal,PRT,2011,80.183998
Puerto Rico,PRI,2011,78.809998
Qatar,QAT,2011,77.443001
Reunion,REU,2011,79.156998
Romania,ROU,2011,74.357002
Russia,RUS,2011,69.406998
Rwanda,RWA,2011,64.106003
Saint Lucia,LCA,2011,74.633003
Saint Vincent and the Grenadines,VCT,2011,72.500999
Samoa,WSM,2011,73.513
Sao Tome and Principe,STP,2011,66.008003
Saudi Arabia,SAU,2011,73.730003
Senegal,SEN,2011,64.814003
Serbia (including Kosovo),,2011,74.262001
Seychelles,SYC,2011,72.703003
Sierra Leone,SLE,2011,49.034
Singapore,SGP,2011,82.078003
Slovakia,SVK,2011,75.848999
Slovenia,SVN,2011,79.839996
Solomon Islands,SLB,2011,69.000999
Somalia,SOM,2011,54.332001
South Africa,ZAF,2011,57.201
South America,,2011,74.134003
South Korea,KOR,2011,80.802002
South Sudan,SSD,2011,54.206001
South-Central Asia,,2011,67.393997
South-Eastern Asia,,2011,70.176003
Southern Africa,,2011,57.09
Southern Asia,,2011,67.329002
Southern Europe,,2011,80.791
Spain,ESP,2011,82.149002
Sri Lanka,LKA,2011,74.461998
Sub-Saharan Africa,,2011,56.868999
Sudan,SDN,2011,63.019001
Suriname,SUR,2011,70.578003
Swaziland,SWZ,2011,52.911999
Sweden,SWE,2011,81.650002
Switzerland,CHE,2011,82.449997
Syria,SYR,2011,71.269997
Taiwan,TWN,2011,78.945
Tajikistan,TJK,2011,69.958
Tanzania,TZA,2011,61.713001
Thailand,THA,2011,74.196999
Timor,TLS,2011,67.578003
Togo,TGO,2011,58.091999
Tonga,TON,2011,72.307999
Trinidad and Tobago,TTO,2011,69.942001
Tunisia,TUN,2011,74.900002
Turkey,TUR,2011,74.436996
Turkmenistan,TKM,2011,66.928001
Uganda,UGA,2011,57.796001
Ukraine,UKR,2011,70.065002
United Arab Emirates,ARE,2011,76.498001
United Kingdom,GBR,2011,80.610001
United States,USA,2011,78.681999
United States Virgin Islands,VIR,2011,78.695999
Upper-middle-income countries,,2011,73.903999
Uruguay,URY,2011,76.738998
Uzbekistan,UZB,2011,70.321999
Vanuatu,VUT,2011,70.987999
Venezuela,VEN,2011,73.748001
Vietnam,VNM,2011,75.293999
Western Africa,,2011,54.080002
Western Asia,,2011,72.561996
Western Europe,,2011,80.838997
Western Sahara,ESH,2011,67.796997
World,OWID_WRL,2011,70.319
Yemen,YEM,2011,63.785999
Zambia,ZMB,2011,57.872002
Zimbabwe,ZWE,2011,54.799999
Afghanistan,AFG,2010,61.226002
Africa,,2010,58.678001
Albania,ALB,2010,76.652
Algeria,DZA,2010,74.676003
Angola,AGO,2010,58.192001
Antigua and Barbuda,ATG,2010,75.412003
Argentina,ARG,2010,75.595001
Armenia,ARM,2010,73.331001
Aruba,ABW,2010,75.015999
Asia,,2010,71.119003
Australia,AUS,2010,81.910004
Australia/New Zealand,,2010,81.733002
Austria,AUT,2010,80.584
Azerbaijan,AZE,2010,70.987
Bahamas,BHS,2010,74.761002
Bahrain,BHR,2010,76.056
Bangladesh,BGD,2010,70.197998
Barbados,BRB,2010,74.973
Belarus,BLR,2010,70.738998
Belgium,BEL,2010,80.071999
Belize,BLZ,2010,69.676003
Benin,BEN,2010,59.319
Bhutan,BTN,2010,67.790001
Bolivia,BOL,2010,66.407997
Bosnia and Herzegovina,BIH,2010,75.904999
Botswana,BWA,2010,59.868
Brazil,BRA,2010,73.837997
Brunei,BRN,2010,76.719002
Bulgaria,BGR,2010,73.716003
Burkina Faso,BFA,2010,57.096001
Burundi,BDI,2010,54.861
Cambodia,KHM,2010,66.555
Cameroon,CMR,2010,55.424
Canada,CAN,2010,81.283997
Cape Verde,CPV,2010,71.941002
Caribbean,,2010,71.902
Central African Republic,CAF,2010,47.560001
Central America,,2010,75.321999
Central Asia,,2010,68.695999
Chad,TCD,2010,50.233002
Channel Islands,OWID_CIS,2010,80.144997
Chile,CHL,2010,78.454002
China,CHN,2010,75.236
Colombia,COL,2010,73.324997
Comoros,COM,2010,61.862
Congo,COG,2010,60.473
Costa Rica,CRI,2010,78.755997
Cote d'Ivoire,CIV,2010,50.423
Croatia,HRV,2010,76.594002
Cuba,CUB,2010,78.959
Curacao,CUW,2010,76.963997
Cyprus,CYP,2010,79.43
Czech Republic,CZE,2010,77.626999
Democratic Republic of Congo,COD,2010,56.907001
Denmark,DNK,2010,79.399002
Djibouti,DJI,2010,60.382999
Dominican Republic,DOM,2010,72.702003
Eastern Africa,,2010,59.437
Eastern Asia,,2010,76.311996
Eastern Europe,,2010,70.918999
Ecuador,ECU,2010,75.045998
Egypt,EGY,2010,70.357002
El Salvador,SLV,2010,71.902
Equatorial Guinea,GNQ,2010,55.908001
Eritrea,ERI,2010,62.181
Estonia,EST,2010,75.366997
Ethiopia,ETH,2010,61.625
Europe,,2010,76.291
Fiji,FJI,2010,69.266998
Finland,FIN,2010,80.138
France,FRA,2010,81.387001
French Guiana,GUF,2010,78.635002
French Polynesia,PYF,2010,75.642998
Gabon,GAB,2010,62.893002
Gambia,GMB,2010,59.622002
Georgia,GEO,2010,72.649002
Germany,DEU,2010,80.112999
Ghana,GHA,2010,60.924
Greece,GRC,2010,80.311996
Grenada,GRD,2010,72.617996
Guadeloupe,GLP,2010,79.950996
Guam,GUM,2010,78.134003
Guatemala,GTM,2010,71.494003
Guinea,GIN,2010,56.764999
Guinea-Bissau,GNB,2010,55.049999
Guyana,GUY,2010,66.022003
Haiti,HTI,2010,61.296001
High-income countries,,2010,79.966003
Honduras,HND,2010,72.445999
Hong Kong,HKG,2010,82.935997
Hungary,HUN,2010,74.609001
Iceland,ISL,2010,81.785004
India,IND,2010,66.625
Indonesia,IDN,2010,68.150002
Iran,IRN,2010,73.931999
Iraq,IRQ,2010,68.464996
Ireland,IRL,2010,80.339996
Israel,ISR,2010,81.461998
Italy,ITA,2010,81.945
Jamaica,JAM,2010,74.883003
Japan,JPN,2010,82.973999
Jordan,JOR,2010,73.412003
Kazakhstan,KAZ,2010,67.612999
Kenya,KEN,2010,62.936001
Kiribati,KIR,2010,65.353996
Kuwait,KWT,2010,73.978996
Kyrgyzstan,KGZ,2010,68.860001
Laos,LAO,2010,64.357002
Latin America and the Caribbean,,2010,74.068001
Latvia,LVA,2010,72.737999
Least developed countries,,2010,61.361
Lebanon,LBN,2010,78.43
Lesotho,LSO,2010,50.826
Less developed regions,,2010,68.279999
"Less developed regions, excluding China",,2010,66.387001
"Less developed regions, excluding least developed countries",,2010,69.727997
Liberia,LBR,2010,59.631001
Libya,LBY,2010,71.642998
Lithuania,LTU,2010,72.890999
Low-income countries,,2010,59.000999
Lower-middle-income countries,,2010,65.698997
Luxembourg,LUX,2010,80.350998
Macao,MAC,2010,82.704002
Macedonia,MKD,2010,74.632004
Madagascar,MDG,2010,63.388
Malawi,MWI,2010,57.263
Malaysia,MYS,2010,74.209999
Maldives,MDV,2010,76.112
Mali,MLI,2010,55.249001
Malta,MLT,2010,79.849998
Martinique,MTQ,2010,80.658997
Mauritania,MRT,2010,61.997002
Mauritius,MUS,2010,73.449997
Mayotte,MYT,2010,78.675003
Melanesia,OWID_MNS,2010,65.716003
Mexico,MEX,2010,76.096001
Micronesia (country),FSM,2010,68.582001
Micronesia (region),,2010,72.386002
Middle Africa,,2010,56.035999
Middle-income countries,,2010,69.165001
Moldova,MDA,2010,69.615997
Mongolia,MNG,2010,67.383003
Montenegro,MNE,2010,75.279999
More developed regions,,2010,77.711998
Morocco,MAR,2010,73.999001
Mozambique,MOZ,2010,54.700001
Myanmar,MMR,2010,65.178001
Namibia,NAM,2010,58.188999
Nepal,NPL,2010,67.914001
Netherlands,NLD,2010,80.796997
New Caledonia,NCL,2010,75.721001
New Zealand,NZL,2010,80.857002
Nicaragua,NIC,2010,73.698997
Niger,NER,2010,56.838001
Nigeria,NGA,2010,50.847
North Korea,PRK,2010,69.571999
Northern Africa,,2010,70.399002
Northern America,,2010,78.810997
Northern Europe,,2010,79.875999
Norway,NOR,2010,81.139999
Oceania,,2010,77.513
Oman,OMN,2010,75.694
Pakistan,PAK,2010,65.134003
Palestine,PSE,2010,72.444
Panama,PAN,2010,76.828003
Papua New Guinea,PNG,2010,64.634003
Paraguay,PRY,2010,72.285004
Peru,PER,2010,73.681
Philippines,PHL,2010,68.32
Poland,POL,2010,76.287003
Polynesia,OWID_PYA,2010,73.917999
Portugal,PRT,2010,79.945999
Puerto Rico,PRI,2010,78.544998
Qatar,QAT,2010,77.301003
Reunion,REU,2010,78.896004
Romania,ROU,2010,74.026001
Russia,RUS,2010,68.813004
Rwanda,RWA,2010,63.139999
Saint Lucia,LCA,2010,74.464996
Saint Vincent and the Grenadines,VCT,2010,72.327003
Samoa,WSM,2010,73.122002
Sao Tome and Principe,STP,2010,65.875
Saudi Arabia,SAU,2010,73.573997
Senegal,SEN,2010,64.177002
Serbia (including Kosovo),,2010,74.009003
Seychelles,SYC,2010,72.592003
Sierra Leone,SLE,2010,48.223999
Singapore,SGP,2010,81.856003
Slovakia,SVK,2010,75.559998
Slovenia,SVN,2010,79.509003
Solomon Islands,SLB,2010,68.571999
Somalia,SOM,2010,53.986
South Africa,ZAF,2010,55.888
South America,,2010,73.879997
South Korea,KOR,2010,80.456001
South Sudan,SSD,2010,53.654999
South-Central Asia,,2010,67.015999
South-Eastern Asia,,2010,69.952003
Southern Africa,,2010,55.798
Southern Asia,,2010,66.953003
Southern Europe,,2010,80.581001
Spain,ESP,2010,81.898003
Sri Lanka,LKA,2010,74.351997
Sub-Saharan Africa,,2010,56.161999
Sudan,SDN,2010,62.619999
Suriname,SUR,2010,70.334999
Swaziland,SWZ,2010,51.598
Sweden,SWE,2010,81.486
Switzerland,CHE,2010,82.269997
Syria,SYR,2010,72.108002
Taiwan,TWN,2010,78.735001
Tajikistan,TJK,2010,69.643997
Tanzania,TZA,2010,60.893002
Thailand,THA,2010,73.922997
Timor,TLS,2010,67.313004
Togo,TGO,2010,57.465
Tonga,TON,2010,72.172997
Trinidad and Tobago,TTO,2010,69.755997
Tunisia,TUN,2010,74.792999
Turkey,TUR,2010,74.153999
Turkmenistan,TKM,2010,66.656998
Uganda,UGA,2010,57.153
Ukraine,UKR,2010,69.457001
United Arab Emirates,ARE,2010,76.344002
United Kingdom,GBR,2010,80.365997
United States,USA,2010,78.539001
United States Virgin Islands,VIR,2010,78.447998
Upper-middle-income countries,,2010,73.613998
Uruguay,URY,2010,76.587997
Uzbekistan,UZB,2010,70.004997
Vanuatu,VUT,2010,70.721001
Venezuela,VEN,2010,73.625
Vietnam,VNM,2010,75.116997
Western Africa,,2010,53.598
Western Asia,,2010,72.410004
Western Europe,,2010,80.662003
Western Sahara,ESH,2010,67.372002
World,OWID_WRL,2010,69.984001
Yemen,YEM,2010,63.507999
Zambia,ZMB,2010,56.588001
Zimbabwe,ZWE,2010,52.974998
Afghanistan,AFG,2009,60.754002
Africa,,2009,57.997002
Albania,ALB,2009,76.280998
Algeria,DZA,2009,74.374001
Angola,AGO,2009,57.230999
Antigua and Barbuda,ATG,2009,75.247002
Argentina,ARG,2009,75.431
Armenia,ARM,2009,73.119003
Aruba,ABW,2009,74.872002
Asia,,2009,70.82
Australia,AUS,2009,81.741997
Australia/New Zealand,,2009,81.557999
Austria,AUT,2009,80.406998
Azerbaijan,AZE,2009,70.646004
Bahamas,BHS,2009,74.591003
Bahrain,BHR,2009,75.913002
Bangladesh,BGD,2009,69.759003
Barbados,BRB,2009,74.810997
Belarus,BLR,2009,70.175003
Belgium,BEL,2009,79.873001
Belize,BLZ,2009,69.611
Benin,BEN,2009,59.008999
Bhutan,BTN,2009,67.315002
Bolivia,BOL,2009,65.847
Bosnia and Herzegovina,BIH,2009,75.758003
Botswana,BWA,2009,58.450001
Brazil,BRA,2009,73.487999
Brunei,BRN,2009,76.698997
Bulgaria,BGR,2009,73.498001
Burkina Faso,BFA,2009,56.375999
Burundi,BDI,2009,54.386002
Cambodia,KHM,2009,66.010002
Cameroon,CMR,2009,54.995998
Canada,CAN,2009,81.079002
Cape Verde,CPV,2009,71.899002
Caribbean,,2009,71.665001
Central African Republic,CAF,2009,46.862
Central America,,2009,75.137001
Central Asia,,2009,68.245003
Chad,TCD,2009,49.691002
Channel Islands,OWID_CIS,2009,79.946999
Chile,CHL,2009,78.32
China,CHN,2009,75.031998
Colombia,COL,2009,73.142998
Comoros,COM,2009,61.474998
Congo,COG,2009,59.452
Costa Rica,CRI,2009,78.612999
Cote d'Ivoire,CIV,2009,49.882999
Croatia,HRV,2009,76.389
Cuba,CUB,2009,78.833
Curacao,CUW,2009,76.633003
Cyprus,CYP,2009,79.245003
Czech Republic,CZE,2009,77.380997
Democratic Republic of Congo,COD,2009,56.349998
Denmark,DNK,2009,79.089996
Djibouti,DJI,2009,59.865002
Dominican Republic,DOM,2009,72.498001
Eastern Africa,,2009,58.499001
Eastern Asia,,2009,76.101997
Eastern Europe,,2009,70.378998
Ecuador,ECU,2009,74.859001
Egypt,EGY,2009,70.167
El Salvador,SLV,2009,71.598999
Equatorial Guinea,GNQ,2009,55.542999
Eritrea,ERI,2009,61.591
Estonia,EST,2009,74.778
Ethiopia,ETH,2009,60.643002
Europe,,2009,75.904999
Fiji,FJI,2009,69.086998
Finland,FIN,2009,79.907997
France,FRA,2009,81.162003
French Guiana,GUF,2009,78.377998
French Polynesia,PYF,2009,75.397003
Gabon,GAB,2009,62.247002
Gambia,GMB,2009,59.316002
Georgia,GEO,2009,72.650002
Germany,DEU,2009,79.962997
Ghana,GHA,2009,60.549999
Greece,GRC,2009,80.186996
Grenada,GRD,2009,72.383003
Guadeloupe,GLP,2009,79.703003
Guam,GUM,2009,77.839996
Guatemala,GTM,2009,71.122002
Guinea,GIN,2009,56.185001
Guinea-Bissau,GNB,2009,54.687
Guyana,GUY,2009,65.929001
Haiti,HTI,2009,60.875999
High-income countries,,2009,79.773003
Honduras,HND,2009,72.269997
Hong Kong,HKG,2009,82.742996
Hungary,HUN,2009,74.288002
Iceland,ISL,2009,81.638
India,IND,2009,66.219002
Indonesia,IDN,2009,67.963997
Iran,IRN,2009,73.481003
Iraq,IRQ,2009,68.282997
Ireland,IRL,2009,80.087997
Israel,ISR,2009,81.257004
Italy,ITA,2009,81.771004
Jamaica,JAM,2009,74.619003
Japan,JPN,2009,82.849998
Jordan,JOR,2009,73.25
Kazakhstan,KAZ,2009,67.041
Kenya,KEN,2009,61.68
Kiribati,KIR,2009,65.244003
Kuwait,KWT,2009,73.867996
Kyrgyzstan,KGZ,2009,68.346001
Laos,LAO,2009,63.893002
Latin America and the Caribbean,,2009,73.827003
Latvia,LVA,2009,72.306999
Least developed countries,,2009,60.769001
Lebanon,LBN,2009,78.172997
Lesotho,LSO,2009,50.014
Less developed regions,,2009,67.924004
"Less developed regions, excluding China",,2009,65.976997
"Less developed regions, excluding least developed countries",,2009,69.413002
Liberia,LBR,2009,58.977001
Libya,LBY,2009,71.679001
Lithuania,LTU,2009,72.514999
Low-income countries,,2009,58.296001
Lower-middle-income countries,,2009,65.330002
Luxembourg,LUX,2009,80.031998
Macao,MAC,2009,82.461998
Macedonia,MKD,2009,74.457001
Madagascar,MDG,2009,62.944
Malawi,MWI,2009,55.744999
Malaysia,MYS,2009,74.022003
Maldives,MDV,2009,75.919998
Mali,MLI,2009,54.756001
Malta,MLT,2009,79.672997
Martinique,MTQ,2009,80.442001
Mauritania,MRT,2009,61.73
Mauritius,MUS,2009,73.197998
Mayotte,MYT,2009,78.396004
Melanesia,OWID_MNS,2009,65.518997
Mexico,MEX,2009,75.947998
Micronesia (country),FSM,2009,68.484001
Micronesia (region),,2009,72.214996
Middle Africa,,2009,55.404999
Middle-income countries,,2009,68.816002
Moldova,MDA,2009,69.119003
Mongolia,MNG,2009,66.919998
Montenegro,MNE,2009,74.858002
More developed regions,,2009,77.406998
Morocco,MAR,2009,73.571999
Mozambique,MOZ,2009,54.096001
Myanmar,MMR,2009,64.837997
Namibia,NAM,2009,56.882999
Nepal,NPL,2009,67.484001
Netherlands,NLD,2009,80.554001
New Caledonia,NCL,2009,75.502998
New Zealand,NZL,2009,80.653
Nicaragua,NIC,2009,73.369003
Niger,NER,2009,56.105
Nigeria,NGA,2009,50.384998
North Korea,PRK,2009,69.186996
Northern Africa,,2009,70.098999
Northern America,,2009,78.652
Northern Europe,,2009,79.603996
Norway,NOR,2009,80.93
Oceania,,2009,77.322998
Oman,OMN,2009,75.450996
Pakistan,PAK,2009,64.845001
Palestine,PSE,2009,72.277
Panama,PAN,2009,76.640999
Papua New Guinea,PNG,2009,64.455002
Paraguay,PRY,2009,72.088997
Peru,PER,2009,73.474998
Philippines,PHL,2009,68.210999
Poland,POL,2009,76.017998
Polynesia,OWID_PYA,2009,73.639999
Portugal,PRT,2009,79.689003
Puerto Rico,PRI,2009,78.285004
Qatar,QAT,2009,77.168999
Reunion,REU,2009,78.627998
Romania,ROU,2009,73.674004
Russia,RUS,2009,68.161003
Rwanda,RWA,2009,61.962002
Saint Lucia,LCA,2009,74.264999
Saint Vincent and the Grenadines,VCT,2009,72.129997
Samoa,WSM,2009,72.709999
Sao Tome and Principe,STP,2009,65.709
Saudi Arabia,SAU,2009,73.440002
Senegal,SEN,2009,63.485001
Serbia (including Kosovo),,2009,73.746002
Seychelles,SYC,2009,72.503998
Sierra Leone,SLE,2009,47.348
Singapore,SGP,2009,81.602997
Slovakia,SVK,2009,75.264
Slovenia,SVN,2009,79.146004
Solomon Islands,SLB,2009,68.117996
Somalia,SOM,2009,53.652
South Africa,ZAF,2009,54.701
South America,,2009,73.617996
South Korea,KOR,2009,80.080002
South Sudan,SSD,2009,53.112999
South-Central Asia,,2009,66.622002
South-Eastern Asia,,2009,69.720001
Southern Africa,,2009,54.610001
Southern Asia,,2009,66.563004
Southern Europe,,2009,80.361
Spain,ESP,2009,81.634003
Sri Lanka,LKA,2009,74.269997
Sub-Saharan Africa,,2009,55.412998
Sudan,SDN,2009,62.193001
Suriname,SUR,2009,70.056999
Swaziland,SWZ,2009,50.259998
Sweden,SWE,2009,81.317001
Switzerland,CHE,2009,82.078003
Syria,SYR,2009,72.939003
Taiwan,TWN,2009,78.519997
Tajikistan,TJK,2009,69.290001
Tanzania,TZA,2009,60.048
Thailand,THA,2009,73.616997
Timor,TLS,2009,66.956001
Togo,TGO,2009,56.813999
Tonga,TON,2009,72.039001
Trinidad and Tobago,TTO,2009,69.567001
Tunisia,TUN,2009,74.695
Turkey,TUR,2009,73.859001
Turkmenistan,TKM,2009,66.355003
Uganda,UGA,2009,56.409
Ukraine,UKR,2009,68.862
United Arab Emirates,ARE,2009,76.182999
United Kingdom,GBR,2009,80.108002
United States,USA,2009,78.387001
United States Virgin Islands,VIR,2009,78.207001
Upper-middle-income countries,,2009,73.310997
Uruguay,URY,2009,76.435997
Uzbekistan,UZB,2009,69.665001
Vanuatu,VUT,2009,70.442001
Venezuela,VEN,2009,73.515999
Vietnam,VNM,2009,74.945999
Western Africa,,2009,53.078999
Western Asia,,2009,72.260002
Western Europe,,2009,80.474998
Western Sahara,ESH,2009,66.929001
World,OWID_WRL,2009,69.627998
Yemen,YEM,2009,63.208
Zambia,ZMB,2009,55.194
Zimbabwe,ZWE,2009,51.122002
Afghanistan,AFG,2008,60.243
Africa,,2008,57.286999
Albania,ALB,2008,75.943001
Algeria,DZA,2008,74.031998
Angola,AGO,2008,56.188999
Antigua and Barbuda,ATG,2008,75.078003
Argentina,ARG,2008,75.267998
Armenia,ARM,2008,72.945999
Aruba,ABW,2008,74.724998
Asia,,2008,70.510002
Australia,AUS,2008,81.565002
Australia/New Zealand,,2008,81.375
Austria,AUT,2008,80.218002
Azerbaijan,AZE,2008,70.237999
Bahamas,BHS,2008,74.410004
Bahrain,BHR,2008,75.769997
Bangladesh,BGD,2008,69.311996
Barbados,BRB,2008,74.648003
Belarus,BLR,2008,69.628998
Belgium,BEL,2008,79.662003
Belize,BLZ,2008,69.516998
Benin,BEN,2008,58.653999
Bhutan,BTN,2008,66.792
Bolivia,BOL,2008,65.272003
Bosnia and Herzegovina,BIH,2008,75.619003
Botswana,BWA,2008,56.918999
Brazil,BRA,2008,73.128998
Brunei,BRN,2008,76.655998
Bulgaria,BGR,2008,73.280998
Burkina Faso,BFA,2008,55.618
Burundi,BDI,2008,53.925999
Cambodia,KHM,2008,65.390999
Cameroon,CMR,2008,54.535
Canada,CAN,2008,80.870003
Cape Verde,CPV,2008,71.880997
Caribbean,,2008,71.416
Central African Republic,CAF,2008,46.189999
Central America,,2008,74.954002
Central Asia,,2008,67.793999
Chad,TCD,2008,49.181999
Channel Islands,OWID_CIS,2008,79.728996
Chile,CHL,2008,78.193001
China,CHN,2008,74.807999
Colombia,COL,2008,72.952003
Comoros,COM,2008,61.094002
Congo,COG,2008,58.320999
Costa Rica,CRI,2008,78.481003
Cote d'Ivoire,CIV,2008,49.320999
Croatia,HRV,2008,76.169998
Cuba,CUB,2008,78.671997
Curacao,CUW,2008,76.306
Cyprus,CYP,2008,79.070999
Czech Republic,CZE,2008,77.117996
Democratic Republic of Congo,COD,2008,55.743
Denmark,DNK,2008,78.780998
Djibouti,DJI,2008,59.345001
Dominican Republic,DOM,2008,72.290001
Eastern Africa,,2008,57.494999
Eastern Asia,,2008,75.874001
Eastern Europe,,2008,69.841003
Ecuador,ECU,2008,74.678001
Egypt,EGY,2008,69.980003
El Salvador,SLV,2008,71.291
Equatorial Guinea,GNQ,2008,55.189999
Eritrea,ERI,2008,60.939999
Estonia,EST,2008,74.189003
Ethiopia,ETH,2008,59.580002
Europe,,2008,75.514999
Fiji,FJI,2008,68.908997
Finland,FIN,2008,79.675003
France,FRA,2008,80.921997
French Guiana,GUF,2008,78.095001
French Polynesia,PYF,2008,75.123001
Gabon,GAB,2008,61.597
Gambia,GMB,2008,58.991001
Georgia,GEO,2008,72.672997
Germany,DEU,2008,79.803001
Ghana,GHA,2008,60.127998
Greece,GRC,2008,80.056999
Grenada,GRD,2008,72.141998
Guadeloupe,GLP,2008,79.446999
Guam,GUM,2008,77.542999
Guatemala,GTM,2008,70.760002
Guinea,GIN,2008,55.521
Guinea-Bissau,GNB,2008,54.333
Guyana,GUY,2008,65.835999
Haiti,HTI,2008,60.448002
High-income countries,,2008,79.570999
Honduras,HND,2008,72.093002
Hong Kong,HKG,2008,82.547997
Hungary,HUN,2008,73.973
Iceland,ISL,2008,81.500999
India,IND,2008,65.802002
Indonesia,IDN,2008,67.775002
Iran,IRN,2008,73.043999
Iraq,IRQ,2008,68.177002
Ireland,IRL,2008,79.806999
Israel,ISR,2008,81.033997
Italy,ITA,2008,81.585999
Jamaica,JAM,2008,74.334
Japan,JPN,2008,82.722
Jordan,JOR,2008,73.086998
Kazakhstan,KAZ,2008,66.496002
Kenya,KEN,2008,60.275002
Kiribati,KIR,2008,65.146004
Kuwait,KWT,2008,73.764
Kyrgyzstan,KGZ,2008,67.887001
Laos,LAO,2008,63.402
Latin America and the Caribbean,,2008,73.584
Latvia,LVA,2008,71.920998
Least developed countries,,2008,60.138
Lebanon,LBN,2008,77.880997
Lesotho,LSO,2008,49.112
Less developed regions,,2008,67.554001
"Less developed regions, excluding China",,2008,65.555
"Less developed regions, excluding least developed countries",,2008,69.089996
Liberia,LBR,2008,58.167
Libya,LBY,2008,71.681
Lithuania,LTU,2008,72.196999
Low-income countries,,2008,57.549
Lower-middle-income countries,,2008,64.948997
Luxembourg,LUX,2008,79.718002
Macao,MAC,2008,82.220001
Macedonia,MKD,2008,74.305
Madagascar,MDG,2008,62.508999
Malawi,MWI,2008,54.176998
Malaysia,MYS,2008,73.851997
Maldives,MDV,2008,75.648003
Mali,MLI,2008,54.193001
Malta,MLT,2008,79.494003
Martinique,MTQ,2008,80.226997
Mauritania,MRT,2008,61.460999
Mauritius,MUS,2008,72.970001
Mayotte,MYT,2008,78.110001
Melanesia,OWID_MNS,2008,65.296997
Mexico,MEX,2008,75.802002
Micronesia (country),FSM,2008,68.375
Micronesia (region),,2008,72.042
Middle Africa,,2008,54.733002
Middle-income countries,,2008,68.456001
Moldova,MDA,2008,68.670998
Mongolia,MNG,2008,66.448997
Montenegro,MNE,2008,74.461998
More developed regions,,2008,77.095001
Morocco,MAR,2008,73.097
Mozambique,MOZ,2008,53.459
Myanmar,MMR,2008,64.500999
Namibia,NAM,2008,55.696999
Nepal,NPL,2008,67.036003
Netherlands,NLD,2008,80.287003
New Caledonia,NCL,2008,75.283997
New Zealand,NZL,2008,80.438004
Nicaragua,NIC,2008,73.028
Niger,NER,2008,55.349998
Nigeria,NGA,2008,49.887001
North Korea,PRK,2008,68.886002
Northern Africa,,2008,69.782997
Northern America,,2008,78.482002
Northern Europe,,2008,79.329002
Norway,NOR,2008,80.705002
Oceania,,2008,77.115997
Oman,OMN,2008,75.188004
Pakistan,PAK,2008,64.565002
Palestine,PSE,2008,72.110001
Panama,PAN,2008,76.459999
Papua New Guinea,PNG,2008,64.247002
Paraguay,PRY,2008,71.887001
Peru,PER,2008,73.258003
Philippines,PHL,2008,68.105003
Poland,POL,2008,75.764999
Polynesia,OWID_PYA,2008,73.347
Portugal,PRT,2008,79.411003
Puerto Rico,PRI,2008,78.037003
Qatar,QAT,2008,77.049004
Reunion,REU,2008,78.356003
Romania,ROU,2008,73.313004
Russia,RUS,2008,67.490997
Rwanda,RWA,2008,60.564999
Saint Lucia,LCA,2008,74.019997
Saint Vincent and the Grenadines,VCT,2008,71.914001
Samoa,WSM,2008,72.288002
Sao Tome and Principe,STP,2008,65.5
Saudi Arabia,SAU,2008,73.331001
Senegal,SEN,2008,62.755001
Serbia (including Kosovo),,2008,73.483002
Seychelles,SYC,2008,72.433998
Sierra Leone,SLE,2008,46.431999
Singapore,SGP,2008,81.311996
Slovakia,SVK,2008,74.977997
Slovenia,SVN,2008,78.761002
Solomon Islands,SLB,2008,67.640999
Somalia,SOM,2008,53.323002
South Africa,ZAF,2008,53.720001
South America,,2008,73.350998
South Korea,KOR,2008,79.678001
South Sudan,SSD,2008,52.591
South-Central Asia,,2008,66.220001
South-Eastern Asia,,2008,69.481003
Southern Africa,,2008,53.601002
Southern Asia,,2008,66.165001
Southern Europe,,2008,80.132004
Spain,ESP,2008,81.361
Sri Lanka,LKA,2008,74.207001
Sub-Saharan Africa,,2008,54.633999
Sudan,SDN,2008,61.749001
Suriname,SUR,2008,69.749001
Swaziland,SWZ,2008,48.969002
Sweden,SWE,2008,81.142998
Switzerland,CHE,2008,81.872002
Syria,SYR,2008,73.648003
Taiwan,TWN,2008,78.299004
Tajikistan,TJK,2008,68.902
Tanzania,TZA,2008,59.155998
Thailand,THA,2008,73.278999
Timor,TLS,2008,66.472
Togo,TGO,2008,56.174
Tonga,TON,2008,71.905998
Trinidad and Tobago,TTO,2008,69.384003
Tunisia,TUN,2008,74.595001
Turkey,TUR,2008,73.549004
Turkmenistan,TKM,2008,66.030998
Uganda,UGA,2008,55.574001
Ukraine,UKR,2008,68.334
United Arab Emirates,ARE,2008,76.012001
United Kingdom,GBR,2008,79.843002
United States,USA,2008,78.223
United States Virgin Islands,VIR,2008,77.982002
Upper-middle-income countries,,2008,72.999001
Uruguay,URY,2008,76.281998
Uzbekistan,UZB,2008,69.319
Vanuatu,VUT,2008,70.152
Venezuela,VEN,2008,73.418999
Vietnam,VNM,2008,74.777
Western Africa,,2008,52.521
Western Asia,,2008,72.101997
Western Europe,,2008,80.273003
Western Sahara,ESH,2008,66.474998
World,OWID_WRL,2008,69.258003
Yemen,YEM,2008,62.888
Zambia,ZMB,2008,53.749001
Zimbabwe,ZWE,2008,49.337002
Afghanistan,AFG,2007,59.694
Africa,,2007,56.564999
Albania,ALB,2007,75.655998
Algeria,DZA,2007,73.648003
Angola,AGO,2007,55.096001
Antigua and Barbuda,ATG,2007,74.904999
Argentina,ARG,2007,75.105003
Armenia,ARM,2007,72.815002
Aruba,ABW,2007,74.575996
Asia,,2007,70.190002
Australia,AUS,2007,81.376999
Australia/New Zealand,,2007,81.18
Austria,AUT,2007,80.015999
Azerbaijan,AZE,2007,69.774002
Bahamas,BHS,2007,74.218002
Bahrain,BHR,2007,75.625
Bangladesh,BGD,2007,68.861
Barbados,BRB,2007,74.486
Belarus,BLR,2007,69.133003
Belgium,BEL,2007,79.441002
Belize,BLZ,2007,69.385002
Benin,BEN,2007,58.255001
Bhutan,BTN,2007,66.213997
Bolivia,BOL,2007,64.692001
Bosnia and Herzegovina,BIH,2007,75.486
Botswana,BWA,2007,55.312
Brazil,BRA,2007,72.767998
Brunei,BRN,2007,76.577003
Bulgaria,BGR,2007,73.071999
Burkina Faso,BFA,2007,54.841
Burundi,BDI,2007,53.492001
Cambodia,KHM,2007,64.695
Cameroon,CMR,2007,54.033001
Canada,CAN,2007,80.658997
Cape Verde,CPV,2007,71.869003
Caribbean,,2007,71.157997
Central African Republic,CAF,2007,45.551998
Central America,,2007,74.771004
Central Asia,,2007,67.362
Chad,TCD,2007,48.729
Channel Islands,OWID_CIS,2007,79.492996
Chile,CHL,2007,78.066002
China,CHN,2007,74.561996
Colombia,COL,2007,72.749001
Comoros,COM,2007,60.734001
Congo,COG,2007,57.115002
Costa Rica,CRI,2007,78.355003
Cote d'Ivoire,CIV,2007,48.747002
Croatia,HRV,2007,75.939003
Cuba,CUB,2007,78.469002
Curacao,CUW,2007,75.996002
Cyprus,CYP,2007,78.911003
Czech Republic,CZE,2007,76.843002
Democratic Republic of Congo,COD,2007,55.091
Denmark,DNK,2007,78.483002
Djibouti,DJI,2007,58.848
Dominican Republic,DOM,2007,72.078003
Eastern Africa,,2007,56.450001
Eastern Asia,,2007,75.626999
Eastern Europe,,2007,69.337997
Ecuador,ECU,2007,74.500999
Egypt,EGY,2007,69.796997
El Salvador,SLV,2007,70.980003
Equatorial Guinea,GNQ,2007,54.858002
Eritrea,ERI,2007,60.23
Estonia,EST,2007,73.626999
Ethiopia,ETH,2007,58.466
Europe,,2007,75.135002
Fiji,FJI,2007,68.737
Finland,FIN,2007,79.441002
France,FRA,2007,80.667999
French Guiana,GUF,2007,77.782997
French Polynesia,PYF,2007,74.818001
Gabon,GAB,2007,60.969002
Gambia,GMB,2007,58.647999
Georgia,GEO,2007,72.704002
Germany,DEU,2007,79.626999
Ghana,GHA,2007,59.662998
Greece,GRC,2007,79.917
Grenada,GRD,2007,71.903
Guadeloupe,GLP,2007,79.182999
Guam,GUM,2007,77.249001
Guatemala,GTM,2007,70.415001
Guinea,GIN,2007,54.775002
Guinea-Bissau,GNB,2007,53.991001
Guyana,GUY,2007,65.740997
Haiti,HTI,2007,60.022999
High-income countries,,2007,79.360001
Honduras,HND,2007,71.911003
Hong Kong,HKG,2007,82.352997
Hungary,HUN,2007,73.676003
Iceland,ISL,2007,81.370003
India,IND,2007,65.383003
Indonesia,IDN,2007,67.581001
Iran,IRN,2007,72.635002
Iraq,IRQ,2007,68.155998
Ireland,IRL,2007,79.498001
Israel,ISR,2007,80.793999
Italy,ITA,2007,81.387001
Jamaica,JAM,2007,74.038002
Japan,JPN,2007,82.585999
Jordan,JOR,2007,72.924004
Kazakhstan,KAZ,2007,66.008003
Kenya,KEN,2007,58.784
Kiribati,KIR,2007,65.054001
Kuwait,KWT,2007,73.669998
Kyrgyzstan,KGZ,2007,67.514
Laos,LAO,2007,62.886002
Latin America and the Caribbean,,2007,73.335999
Latvia,LVA,2007,71.598
Least developed countries,,2007,59.479
Lebanon,LBN,2007,77.553001
Lesotho,LSO,2007,48.171001
Less developed regions,,2007,67.176003
"Less developed regions, excluding China",,2007,65.128998
"Less developed regions, excluding least developed countries",,2007,68.762001
Liberia,LBR,2007,57.207001
Libya,LBY,2007,71.628998
Lithuania,LTU,2007,71.957001
Low-income countries,,2007,56.775002
Lower-middle-income countries,,2007,64.560997
Luxembourg,LUX,2007,79.420998
Macao,MAC,2007,81.981003
Macedonia,MKD,2007,74.18
Madagascar,MDG,2007,62.078999
Malawi,MWI,2007,52.630001
Malaysia,MYS,2007,73.704002
Maldives,MDV,2007,75.268997
Mali,MLI,2007,53.553001
Malta,MLT,2007,79.313004
Martinique,MTQ,2007,80.011002
Mauritania,MRT,2007,61.199001
Mauritius,MUS,2007,72.773003
Mayotte,MYT,2007,77.819
Melanesia,OWID_MNS,2007,65.050003
Mexico,MEX,2007,75.655998
Micronesia (country),FSM,2007,68.250999
Micronesia (region),,2007,71.864998
Middle Africa,,2007,54.028999
Middle-income countries,,2007,68.091003
Moldova,MDA,2007,68.302002
Mongolia,MNG,2007,65.987
Montenegro,MNE,2007,74.115997
More developed regions,,2007,76.786003
Morocco,MAR,2007,72.580002
Mozambique,MOZ,2007,52.785
Myanmar,MMR,2007,64.181
Namibia,NAM,2007,54.712002
Nepal,NPL,2007,66.565002
Netherlands,NLD,2007,80.000999
New Caledonia,NCL,2007,75.064003
New Zealand,NZL,2007,80.213997
Nicaragua,NIC,2007,72.677002
Niger,NER,2007,54.592999
Nigeria,NGA,2007,49.355999
North Korea,PRK,2007,68.676003
Northern Africa,,2007,69.455002
Northern America,,2007,78.301003
Northern Europe,,2007,79.058998
Norway,NOR,2007,80.468002
Oceania,,2007,76.890999
Oman,OMN,2007,74.898003
Pakistan,PAK,2007,64.303001
Palestine,PSE,2007,71.942001
Panama,PAN,2007,76.285004
Papua New Guinea,PNG,2007,64.005997
Paraguay,PRY,2007,71.685997
Peru,PER,2007,73.023003
Philippines,PHL,2007,68
Poland,POL,2007,75.532997
Polynesia,OWID_PYA,2007,73.040001
Portugal,PRT,2007,79.112
Puerto Rico,PRI,2007,77.803001
Qatar,QAT,2007,76.940002
Reunion,REU,2007,78.082001
Romania,ROU,2007,72.957001
Russia,RUS,2007,66.843002
Rwanda,RWA,2007,58.971001
Saint Lucia,LCA,2007,73.727997
Saint Vincent and the Grenadines,VCT,2007,71.682999
Samoa,WSM,2007,71.865997
Sao Tome and Principe,STP,2007,65.248001
Saudi Arabia,SAU,2007,73.245003
Senegal,SEN,2007,62.007999
Serbia (including Kosovo),,2007,73.230003
Seychelles,SYC,2007,72.375999
Sierra Leone,SLE,2007,45.5
Singapore,SGP,2007,80.982002
Slovakia,SVK,2007,74.713997
Slovenia,SVN,2007,78.364998
Solomon Islands,SLB,2007,67.147003
Somalia,SOM,2007,52.995998
South Africa,ZAF,2007,53.009998
South America,,2007,73.078003
South Korea,KOR,2007,79.253998
South Sudan,SSD,2007,52.095001
South-Central Asia,,2007,65.819
South-Eastern Asia,,2007,69.236
Southern Africa,,2007,52.834999
Southern Asia,,2007,65.765999
Southern Europe,,2007,79.896004
Spain,ESP,2007,81.086998
Sri Lanka,LKA,2007,74.143997
Sub-Saharan Africa,,2007,53.845001
Sudan,SDN,2007,61.299999
Suriname,SUR,2007,69.421997
Swaziland,SWZ,2007,47.805
Sweden,SWE,2007,80.963997
Switzerland,CHE,2007,81.650002
Syria,SYR,2007,74.152
Taiwan,TWN,2007,78.071999
Tajikistan,TJK,2007,68.487
Tanzania,TZA,2007,58.209
Thailand,THA,2007,72.915001
Timor,TLS,2007,65.842003
Togo,TGO,2007,55.577999
Tonga,TON,2007,71.773003
Trinidad and Tobago,TTO,2007,69.213997
Tunisia,TUN,2007,74.483002
Turkey,TUR,2007,73.219002
Turkmenistan,TKM,2007,65.695
Uganda,UGA,2007,54.66
Ukraine,UKR,2007,67.914001
United Arab Emirates,ARE,2007,75.828003
United Kingdom,GBR,2007,79.577003
United States,USA,2007,78.045998
United States Virgin Islands,VIR,2007,77.778999
Upper-middle-income countries,,2007,72.684998
Uruguay,URY,2007,76.124001
Uzbekistan,UZB,2007,68.982002
Vanuatu,VUT,2007,69.851997
Venezuela,VEN,2007,73.327003
Vietnam,VNM,2007,74.609001
Western Africa,,2007,51.93
Western Asia,,2007,71.929001
Western Europe,,2007,80.056999
Western Sahara,ESH,2007,66.016998
World,OWID_WRL,2007,68.878998
Yemen,YEM,2007,62.551998
Zambia,ZMB,2007,52.313
Zimbabwe,ZWE,2007,47.719002
Afghanistan,AFG,2006,59.110001
Africa,,2006,55.849998
Albania,ALB,2006,75.417999
Algeria,DZA,2006,73.224998
Angola,AGO,2006,53.973999
Antigua and Barbuda,ATG,2006,74.726997
Argentina,ARG,2006,74.941002
Armenia,ARM,2006,72.714996
Aruba,ABW,2006,74.429001
Asia,,2006,69.862999
Australia,AUS,2006,81.175003
Australia/New Zealand,,2006,80.973
Austria,AUT,2006,79.799004
Azerbaijan,AZE,2006,69.268997
Bahamas,BHS,2006,74.012001
Bahrain,BHR,2006,75.477997
Bangladesh,BGD,2006,68.403
Barbados,BRB,2006,74.323997
Belarus,BLR,2006,68.706001
Belgium,BEL,2006,79.210999
Belize,BLZ,2006,69.218002
Benin,BEN,2006,57.817001
Bhutan,BTN,2006,65.578003
Bolivia,BOL,2006,64.112999
Bosnia and Herzegovina,BIH,2006,75.352997
Botswana,BWA,2006,53.695
Brazil,BRA,2006,72.404999
Brunei,BRN,2006,76.455002
Bulgaria,BGR,2006,72.870003
Burkina Faso,BFA,2006,54.063
Burundi,BDI,2006,53.09
Cambodia,KHM,2006,63.926998
Cameroon,CMR,2006,53.493999
Canada,CAN,2006,80.446999
Cape Verde,CPV,2006,71.842003
Caribbean,,2006,70.891998
Central African Republic,CAF,2006,44.966999
Central America,,2006,74.584999
Central Asia,,2006,66.961998
Chad,TCD,2006,48.348999
Channel Islands,OWID_CIS,2006,79.240997
Chile,CHL,2006,77.933998
China,CHN,2006,74.291
Colombia,COL,2006,72.531998
Comoros,COM,2006,60.407001
Congo,COG,2006,55.881001
Costa Rica,CRI,2006,78.234001
Cote d'Ivoire,CIV,2006,48.182999
Croatia,HRV,2006,75.703003
Cuba,CUB,2006,78.224998
Curacao,CUW,2006,75.711998
Cyprus,CYP,2006,78.764
Czech Republic,CZE,2006,76.558998
Democratic Republic of Congo,COD,2006,54.401001
Denmark,DNK,2006,78.200996
Djibouti,DJI,2006,58.393002
Dominican Republic,DOM,2006,71.862
Eastern Africa,,2006,55.391998
Eastern Asia,,2006,75.358002
Eastern Europe,,2006,68.889999
Ecuador,ECU,2006,74.321999
Egypt,EGY,2006,69.617996
El Salvador,SLV,2006,70.667999
Equatorial Guinea,GNQ,2006,54.549999
Eritrea,ERI,2006,59.472
Estonia,EST,2006,73.103996
Ethiopia,ETH,2006,57.333
Europe,,2006,74.778
Fiji,FJI,2006,68.569
Finland,FIN,2006,79.209
France,FRA,2006,80.403
French Guiana,GUF,2006,77.443001
French Polynesia,PYF,2006,74.486
Gabon,GAB,2006,60.388
Gambia,GMB,2006,58.289001
Georgia,GEO,2006,72.730003
Germany,DEU,2006,79.433998
Ghana,GHA,2006,59.167
Greece,GRC,2006,79.764999
Grenada,GRD,2006,71.667
Guadeloupe,GLP,2006,78.908997
Guam,GUM,2006,76.956001
Guatemala,GTM,2006,70.084999
Guinea,GIN,2006,53.972
Guinea-Bissau,GNB,2006,53.662998
Guyana,GUY,2006,65.641998
Haiti,HTI,2006,59.610001
High-income countries,,2006,79.141998
Honduras,HND,2006,71.723999
Hong Kong,HKG,2006,82.154999
Hungary,HUN,2006,73.399002
Iceland,ISL,2006,81.240997
India,IND,2006,64.966003
Indonesia,IDN,2006,67.386002
Iran,IRN,2006,72.259003
Iraq,IRQ,2006,68.217003
Ireland,IRL,2006,79.162003
Israel,ISR,2006,80.538002
Italy,ITA,2006,81.171997
Jamaica,JAM,2006,73.738998
Japan,JPN,2006,82.438004
Jordan,JOR,2006,72.760002
Kazakhstan,KAZ,2006,65.586998
Kenya,KEN,2006,57.271
Kiribati,KIR,2006,64.960999
Kuwait,KWT,2006,73.584
Kyrgyzstan,KGZ,2006,67.237999
Laos,LAO,2006,62.348
Latin America and the Caribbean,,2006,73.084999
Latvia,LVA,2006,71.339996
Least developed countries,,2006,58.800999
Lebanon,LBN,2006,77.186996
Lesotho,LSO,2006,47.265999
Less developed regions,,2006,66.792999
"Less developed regions, excluding China",,2006,64.705002
"Less developed regions, excluding least developed countries",,2006,68.432999
Liberia,LBR,2006,56.136002
Libya,LBY,2006,71.521004
Lithuania,LTU,2006,71.795998
Low-income countries,,2006,55.987999
Lower-middle-income countries,,2006,64.171997
Luxembourg,LUX,2006,79.144997
Macao,MAC,2006,81.748001
Macedonia,MKD,2006,74.077003
Madagascar,MDG,2006,61.650002
Malawi,MWI,2006,51.162998
Malaysia,MYS,2006,73.577003
Maldives,MDV,2006,74.771004
Mali,MLI,2006,52.839001
Malta,MLT,2006,79.130997
Martinique,MTQ,2006,79.790001
Mauritania,MRT,2006,60.952
Mauritius,MUS,2006,72.603996
Mayotte,MYT,2006,77.525002
Melanesia,OWID_MNS,2006,64.777
Mexico,MEX,2006,75.504997
Micronesia (country),FSM,2006,68.114998
Micronesia (region),,2006,71.681
Middle Africa,,2006,53.305
Middle-income countries,,2006,67.727997
Moldova,MDA,2006,68.022003
Mongolia,MNG,2006,65.539001
Montenegro,MNE,2006,73.834
More developed regions,,2006,76.487999
Morocco,MAR,2006,72.028999
Mozambique,MOZ,2006,52.078999
Myanmar,MMR,2006,63.880001
Namibia,NAM,2006,53.983002
Nepal,NPL,2006,66.066002
Netherlands,NLD,2006,79.702003
New Caledonia,NCL,2006,74.845001
New Zealand,NZL,2006,79.980003
Nicaragua,NIC,2006,72.313004
Niger,NER,2006,53.848999
Nigeria,NGA,2006,48.801998
North Korea,PRK,2006,68.540001
Northern Africa,,2006,69.117996
Northern America,,2006,78.110001
Northern Europe,,2006,78.795998
Norway,NOR,2006,80.222
Oceania,,2006,76.646004
Oman,OMN,2006,74.580002
Pakistan,PAK,2006,64.059998
Palestine,PSE,2006,71.773003
Panama,PAN,2006,76.113998
Papua New Guinea,PNG,2006,63.733002
Paraguay,PRY,2006,71.485001
Peru,PER,2006,72.764
Philippines,PHL,2006,67.891998
Poland,POL,2006,75.319
Polynesia,OWID_PYA,2006,72.723
Portugal,PRT,2006,78.793999
Puerto Rico,PRI,2006,77.580002
Qatar,QAT,2006,76.843002
Reunion,REU,2006,77.806999
Romania,ROU,2006,72.610001
Russia,RUS,2006,66.250999
Rwanda,RWA,2006,57.219002
Saint Lucia,LCA,2006,73.392998
Saint Vincent and the Grenadines,VCT,2006,71.445999
Samoa,WSM,2006,71.450996
Sao Tome and Principe,STP,2006,64.956001
Saudi Arabia,SAU,2006,73.176003
Senegal,SEN,2006,61.263
Serbia (including Kosovo),,2006,72.995003
Seychelles,SYC,2006,72.322998
Sierra Leone,SLE,2006,44.566002
Singapore,SGP,2006,80.619003
Slovakia,SVK,2006,74.474998
Slovenia,SVN,2006,77.969002
Solomon Islands,SLB,2006,66.635002
Somalia,SOM,2006,52.666
South Africa,ZAF,2006,52.613998
South America,,2006,72.797997
South Korea,KOR,2006,78.810997
South Sudan,SSD,2006,51.626999
South-Central Asia,,2006,65.420998
South-Eastern Asia,,2006,68.988998
Southern Africa,,2006,52.358002
Southern Asia,,2006,65.369003
Southern Europe,,2006,79.652
Spain,ESP,2006,80.813004
Sri Lanka,LKA,2006,74.058998
Sub-Saharan Africa,,2006,53.066002
Sudan,SDN,2006,60.854
Suriname,SUR,2006,69.088997
Swaziland,SWZ,2006,46.846001
Sweden,SWE,2006,80.780998
Switzerland,CHE,2006,81.413002
Syria,SYR,2006,74.412003
Taiwan,TWN,2006,77.835999
Tajikistan,TJK,2006,68.052002
Tanzania,TZA,2006,57.217999
Thailand,THA,2006,72.533997
Timor,TLS,2006,65.068001
Togo,TGO,2006,55.048
Tonga,TON,2006,71.639
Trinidad and Tobago,TTO,2006,69.059998
Tunisia,TUN,2006,74.351997
Turkey,TUR,2006,72.865997
Turkmenistan,TKM,2006,65.353996
Uganda,UGA,2006,53.681
Ukraine,UKR,2006,67.614998
United Arab Emirates,ARE,2006,75.632004
United Kingdom,GBR,2006,79.310997
United States,USA,2006,77.859001
United States Virgin Islands,VIR,2006,77.598999
Upper-middle-income countries,,2006,72.371002
Uruguay,URY,2006,75.960999
Uzbekistan,UZB,2006,68.663002
Vanuatu,VUT,2006,69.541
Venezuela,VEN,2006,73.235001
Vietnam,VNM,2006,74.438004
Western Africa,,2006,51.32
Western Asia,,2006,71.735001
Western Europe,,2006,79.827003
Western Sahara,ESH,2006,65.556999
World,OWID_WRL,2006,68.497002
Yemen,YEM,2006,62.205002
Zambia,ZMB,2006,50.929001
Zimbabwe,ZWE,2006,46.344002
Afghanistan,AFG,2005,58.5
Africa,,2005,55.167
Albania,ALB,2005,75.217003
Algeria,DZA,2005,72.766998
Angola,AGO,2005,52.833
Antigua and Barbuda,ATG,2005,74.543999
Argentina,ARG,2005,74.775002
Armenia,ARM,2005,72.625
Aruba,ABW,2005,74.287003
Asia,,2005,69.526001
Australia,AUS,2005,80.955002
Australia/New Zealand,,2005,80.748001
Austria,AUT,2005,79.566002
Azerbaijan,AZE,2005,68.75
Bahamas,BHS,2005,73.787003
Bahrain,BHR,2005,75.325996
Bangladesh,BGD,2005,67.936996
Barbados,BRB,2005,74.163002
Belarus,BLR,2005,68.353996
Belgium,BEL,2005,78.974998
Belize,BLZ,2005,69.023003
Benin,BEN,2005,57.355
Bhutan,BTN,2005,64.882004
Bolivia,BOL,2005,63.537998
Bosnia and Herzegovina,BIH,2005,75.223
Botswana,BWA,2005,52.165001
Brazil,BRA,2005,72.040001
Brunei,BRN,2005,76.291
Bulgaria,BGR,2005,72.669998
Burkina Faso,BFA,2005,53.310001
Burundi,BDI,2005,52.735001
Cambodia,KHM,2005,63.088001
Cameroon,CMR,2005,52.916
Canada,CAN,2005,80.232002
Cape Verde,CPV,2005,71.760002
Caribbean,,2005,70.625999
Central African Republic,CAF,2005,44.466
Central America,,2005,74.393997
Central Asia,,2005,66.591003
Chad,TCD,2005,48.054001
Channel Islands,OWID_CIS,2005,78.974998
Chile,CHL,2005,77.791
China,CHN,2005,73.987
Colombia,COL,2005,72.303001
Comoros,COM,2005,60.125999
Congo,COG,2005,54.687
Costa Rica,CRI,2005,78.113998
Cote d'Ivoire,CIV,2005,47.658001
Croatia,HRV,2005,75.475998
Cuba,CUB,2005,77.949997
Curacao,CUW,2005,75.461998
Cyprus,CYP,2005,78.630997
Czech Republic,CZE,2005,76.271004
Democratic Republic of Congo,COD,2005,53.674999
Denmark,DNK,2005,77.935997
Djibouti,DJI,2005,57.999001
Dominican Republic,DOM,2005,71.643997
Eastern Africa,,2005,54.362
Eastern Asia,,2005,75.056999
Eastern Europe,,2005,68.514999
Ecuador,ECU,2005,74.136002
Egypt,EGY,2005,69.444
El Salvador,SLV,2005,70.357002
Equatorial Guinea,GNQ,2005,54.262001
Eritrea,ERI,2005,58.691002
Estonia,EST,2005,72.622002
Ethiopia,ETH,2005,56.221001
Europe,,2005,74.454002
Fiji,FJI,2005,68.404999
Finland,FIN,2005,78.977997
France,FRA,2005,80.129997
French Guiana,GUF,2005,77.079002
French Polynesia,PYF,2005,74.132004
Gabon,GAB,2005,59.889999
Gambia,GMB,2005,57.914001
Georgia,GEO,2005,72.730003
Germany,DEU,2005,79.223
Ghana,GHA,2005,58.666
Greece,GRC,2005,79.597
Grenada,GRD,2005,71.438004
Guadeloupe,GLP,2005,78.626999
Guam,GUM,2005,76.663002
Guatemala,GTM,2005,69.763
Guinea,GIN,2005,53.169998
Guinea-Bissau,GNB,2005,53.356998
Guyana,GUY,2005,65.538002
Haiti,HTI,2005,59.219002
High-income countries,,2005,78.916
Honduras,HND,2005,71.531998
Hong Kong,HKG,2005,81.953003
Hungary,HUN,2005,73.138
Iceland,ISL,2005,81.098999
India,IND,2005,64.556
Indonesia,IDN,2005,67.191002
Iran,IRN,2005,71.912003
Iraq,IRQ,2005,68.349998
Ireland,IRL,2005,78.801003
Israel,ISR,2005,80.268997
Italy,ITA,2005,80.936996
Jamaica,JAM,2005,73.445999
Japan,JPN,2005,82.275002
Jordan,JOR,2005,72.594002
Kazakhstan,KAZ,2005,65.220001
Kenya,KEN,2005,55.819
Kiribati,KIR,2005,64.859001
Kuwait,KWT,2005,73.504997
Kyrgyzstan,KGZ,2005,67.046997
Laos,LAO,2005,61.792999
Latin America and the Caribbean,,2005,72.825996
Latvia,LVA,2005,71.129997
Least developed countries,,2005,58.118
Lebanon,LBN,2005,76.786003
Lesotho,LSO,2005,46.521
Less developed regions,,2005,66.410004
"Less developed regions, excluding China",,2005,64.290001
"Less developed regions, excluding least developed countries",,2005,68.103996
Liberia,LBR,2005,55.051998
Libya,LBY,2005,71.362
Lithuania,LTU,2005,71.695
Low-income countries,,2005,55.207001
Lower-middle-income countries,,2005,63.786999
Luxembourg,LUX,2005,78.888
Macao,MAC,2005,81.523003
Macedonia,MKD,2005,73.986
Madagascar,MDG,2005,61.212002
Malawi,MWI,2005,49.846001
Malaysia,MYS,2005,73.462997
Maldives,MDV,2005,74.151001
Mali,MLI,2005,52.056999
Malta,MLT,2005,78.947998
Martinique,MTQ,2005,79.561996
Mauritania,MRT,2005,60.729
Mauritius,MUS,2005,72.445999
Mayotte,MYT,2005,77.228996
Melanesia,OWID_MNS,2005,64.483002
Mexico,MEX,2005,75.347
Micronesia (country),FSM,2005,67.969002
Micronesia (region),,2005,71.484001
Middle Africa,,2005,52.569
Middle-income countries,,2005,67.369003
Moldova,MDA,2005,67.82
Mongolia,MNG,2005,65.103996
Montenegro,MNE,2005,73.620003
More developed regions,,2005,76.208
Morocco,MAR,2005,71.456001
Mozambique,MOZ,2005,51.362
Myanmar,MMR,2005,63.597
Namibia,NAM,2005,53.563
Nepal,NPL,2005,65.537003
Netherlands,NLD,2005,79.401001
New Caledonia,NCL,2005,74.625
New Zealand,NZL,2005,79.734001
Nicaragua,NIC,2005,71.934998
Niger,NER,2005,53.126999
Nigeria,NGA,2005,48.245998
North Korea,PRK,2005,68.389
Northern Africa,,2005,68.778999
Northern America,,2005,77.914001
Northern Europe,,2005,78.540001
Norway,NOR,2005,79.971001
Oceania,,2005,76.383003
Oman,OMN,2005,74.231003
Pakistan,PAK,2005,63.835999
Palestine,PSE,2005,71.605003
Panama,PAN,2005,75.946999
Papua New Guinea,PNG,2005,63.432999
Paraguay,PRY,2005,71.280998
Peru,PER,2005,72.473
Philippines,PHL,2005,67.782997
Poland,POL,2005,75.112
Polynesia,OWID_PYA,2005,72.402
Portugal,PRT,2005,78.459999
Puerto Rico,PRI,2005,77.356003
Qatar,QAT,2005,76.753998
Reunion,REU,2005,77.531998
Romania,ROU,2005,72.269997
Russia,RUS,2005,65.751999
Rwanda,RWA,2005,55.43
Saint Lucia,LCA,2005,73.028
Saint Vincent and the Grenadines,VCT,2005,71.218002
Samoa,WSM,2005,71.051003
Sao Tome and Principe,STP,2005,64.640999
Saudi Arabia,SAU,2005,73.112
Senegal,SEN,2005,60.541
Serbia (including Kosovo),,2005,72.782997
Seychelles,SYC,2005,72.267998
Sierra Leone,SLE,2005,43.624001
Singapore,SGP,2005,80.230003
Slovakia,SVK,2005,74.262001
Slovenia,SVN,2005,77.581001
Solomon Islands,SLB,2005,66.103996
Somalia,SOM,2005,52.344002
South Africa,ZAF,2005,52.567001
South America,,2005,72.510002
South Korea,KOR,2005,78.356003
South Sudan,SSD,2005,51.189999
South-Central Asia,,2005,65.028
South-Eastern Asia,,2005,68.740997
Southern Africa,,2005,52.212002
Southern Asia,,2005,64.976997
Southern Europe,,2005,79.402
Spain,ESP,2005,80.544998
Sri Lanka,LKA,2005,73.896004
Sub-Saharan Africa,,2005,52.326
Sudan,SDN,2005,60.416
Suriname,SUR,2005,68.767998
Swaziland,SWZ,2005,46.185001
Sweden,SWE,2005,80.596001
Switzerland,CHE,2005,81.163002
Syria,SYR,2005,74.43
Taiwan,TWN,2005,77.584999
Tajikistan,TJK,2005,67.607002
Tanzania,TZA,2005,56.195999
Thailand,THA,2005,72.149002
Timor,TLS,2005,64.175003
Togo,TGO,2005,54.598
Tonga,TON,2005,71.503998
Trinidad and Tobago,TTO,2005,68.927002
Tunisia,TUN,2005,74.199997
Turkey,TUR,2005,72.481003
Turkmenistan,TKM,2005,65.016998
Uganda,UGA,2005,52.639999
Ukraine,UKR,2005,67.434998
United Arab Emirates,ARE,2005,75.421997
United Kingdom,GBR,2005,79.049004
United States,USA,2005,77.667
United States Virgin Islands,VIR,2005,77.438004
Upper-middle-income countries,,2005,72.056999
Uruguay,URY,2005,75.792
Uzbekistan,UZB,2005,68.366997
Vanuatu,VUT,2005,69.221001
Venezuela,VEN,2005,73.134003
Vietnam,VNM,2005,74.263
Western Africa,,2005,50.713001
Western Asia,,2005,71.514999
Western Europe,,2005,79.584999
Western Sahara,ESH,2005,65.094002
World,OWID_WRL,2005,68.119003
Yemen,YEM,2005,61.856998
Zambia,ZMB,2005,49.630001
Zimbabwe,ZWE,2005,45.282001
